date,district_id,district,state,regime_label,gefs_mm,pred_regime_feat,P_heavy,P_very_heavy,P_extremely_heavy
2016-08-01,536,Udaipur,Rajasthan,low_depression,9.276470588235291,68.20545159262193,0.0113512848480707,0.0069393309510175,0.0009899122576435
2016-08-01,41,Shi Yomi,Arunanchal Pradesh,low_depression,1.66,59.26794640111335,0.0066069135477004,0.0030701207308337,0.0006214334541382
2016-08-01,535,Tonk,Rajasthan,low_depression,7.31,58.832076857740894,0.0179426195973049,0.0060255230749886,0.0007602500712646
2016-08-01,164,Dang,Gujarat,low_depression,14.566666666666668,54.21803854103848,0.1589451007365455,0.0122880248849007,0.0146566084273023
2016-08-01,263,Kulgam,Jammu & Kashmir,low_depression,1.65,53.75336218914611,0.0053660578095729,0.0030701207308337,0.0006214334541382
2016-08-01,508,Baran,Rajasthan,low_depression,20.130000000000003,49.724976637663225,0.1462506450735458,0.0124088413001699,0.0273353629129861
2016-08-01,157,South Goa,Goa,low_depression,6.8,48.86412808628103,0.0217632512276181,0.0063566669828193,0.0007602500712646
2016-08-01,39,Pakke Kessang,Arunanchal Pradesh,low_depression,6.8,48.86412808628103,0.0217632512276181,0.0063566669828193,0.0007602500712646
2016-08-01,607,Bhadradri Kothagudem,Telangana,low_depression,6.8,48.86412808628103,0.0217632512276181,0.0063566669828193,0.0007602500712646
2016-08-01,182,Valsad,Gujarat,low_depression,14.325,47.82682249631264,0.1589451007365455,0.0122880248849007,0.0012621576588545
2016-08-01,411,Ratlam,Madhya Pradesh,low_depression,7.825,47.03523843164891,0.0153368712879711,0.0060255230749886,0.0007961845102886
2016-08-01,650,Chandauli,Uttar Pradesh,low_depression,7.825,47.03523843164891,0.0153368712879711,0.0060255230749886,0.0007961845102886
2016-08-01,621,Bageshwar,Uttarakhand,low_depression,7.219999999999999,46.84291744009016,0.0194463855777852,0.0060255230749886,0.0007961845102886
2016-08-01,383,Bhind,Madhya Pradesh,low_depression,12.2,46.691296726113926,0.010176124681536,0.0115360108700132,0.0007961845102886
2016-08-01,624,Dehradun,Uttarakhand,low_depression,6.824999999999999,46.28430935217723,0.0217632512276181,0.0060255230749886,0.0007961845102886
2016-08-01,334,Nanded,Maharashtra,low_depression,1.5666666666666669,44.74934364240431,0.0058229029423979,0.0030701207308337,0.000650717270628
2016-08-01,120,Kanker,Chhattisgarh,low_depression,1.5666666666666669,44.74934364240431,0.0058229029423979,0.0030701207308337,0.000650717270628
2016-08-01,528,Kota,Rajasthan,low_depression,6.722222222222222,44.60151085217641,0.011543173528675,0.0063566669828193,0.0007961845102886
2016-08-01,105,Saran,Bihar,low_depression,3.64,41.338913059675626,0.0053889346569028,0.0039828244812172,0.0005935806777026
2016-08-01,335,Nandurbar,Maharashtra,low_depression,7.357142857142857,41.128572404933145,0.0153368712879711,0.0060255230749886,0.0007961845102886
2016-08-01,253,Jammu,Jammu & Kashmir,low_depression,3.58,41.02537290514889,0.0053889346569028,0.0039828244812172,0.0005935806777026
2016-08-01,153,South East,Delhi,low_depression,40.9,38.788295358552126,0.0444519236865935,0.0057788089205618,0.000587420759905
2016-08-01,723,Medinipur West,West Bengal,low_depression,3.5625,37.26460131948429,0.0055075776634011,0.0039828244812172,0.0005935806777026
2016-08-01,328,Jalgaon,Maharashtra,low_depression,12.153333333333334,37.02587181579801,0.0102894868921113,0.0115360108700132,0.0007961845102886
2016-08-01,385,Burhanpur,Madhya Pradesh,low_depression,44.18333333333334,35.753362765099496,0.0444519236865935,0.0057788089205618,0.0005870303362559
2016-08-01,389,Datia,Madhya Pradesh,low_depression,10.8,34.87343360803466,0.0162935183209496,0.0069393309510175,0.0007961845102886
2016-08-01,469,Malkangiri,Odisha,low_depression,10.8,34.87343360803466,0.0162935183209496,0.0069393309510175,0.0007961845102886
2016-08-01,66,Baksa,Assam,low_depression,6.659999999999999,34.30321490276799,0.0132926741812221,0.009922746996452,0.0007961845102886
2016-08-01,423,Ujjain,Madhya Pradesh,low_depression,4.5,34.2795010060992,0.0082193955512835,0.0040510825309816,0.0005935806777026
2016-08-01,661,Ghazipur,Uttar Pradesh,low_depression,8.76,34.07888437460274,0.0207838988923654,0.0072381393306854,0.0007961845102886
2016-08-01,702,Varanasi,Uttar Pradesh,low_depression,8.75,33.83498631521902,0.0207838988923654,0.0072381393306854,0.0007961845102886
2016-08-01,419,Sheopur,Madhya Pradesh,low_depression,14.225,33.49465306006308,0.0654055038887469,0.0122880248849007,0.0012621576588545
2016-08-01,728,Kalimpong,West Bengal,low_depression,8.8,33.15665823579695,0.0207838988923654,0.0069393309510175,0.0007961845102886
2016-08-01,415,Sehore,Madhya Pradesh,low_depression,9.25,32.53168897967882,0.018299560316599,0.0069393309510175,0.0007961845102886
2016-08-01,222,Nuh,Haryana,low_depression,12.133333333333333,32.478436039429766,0.0148207547201829,0.0115360108700132,0.0007961845102886
2016-08-01,317,Akola,Maharashtra,low_depression,8.785714285714286,32.444616694188966,0.0207838988923654,0.0069393309510175,0.0007961845102886
2016-08-01,381,Barwani,Madhya Pradesh,low_depression,16.25,32.31621229131599,0.0654055038887469,0.0105654551044458,0.0012621576588545
2016-08-01,680,Mahoba,Uttar Pradesh,low_depression,5.725,31.98484149696459,0.0089960803888556,0.0035918863729343,0.0005935806777026
2016-08-01,530,Pali,Rajasthan,low_depression,5.729411764705882,31.98484149696459,0.0089960803888556,0.0035918863729343,0.0005935806777026
2016-08-01,125,Raigarh,Chhattisgarh,low_depression,5.718181818181818,31.766420146597277,0.0089960803888556,0.0035918863729343,0.0005935806777026
2016-08-01,611,Nagarkurnool,Telangana,low_depression,1.6777777777777778,31.765691408046955,0.0035458980116318,0.0030710229586876,0.000650717270628
2016-08-01,527,Karauli,Rajasthan,low_depression,10.671428571428573,31.529649174295702,0.0162935183209496,0.0069393309510175,0.0007961845102886
2016-08-01,109,Siwan,Bihar,low_depression,8.933333333333334,31.407677167938274,0.0207838988923654,0.0069393309510175,0.0007961845102886
2016-08-01,716,Dinajpur Uttar,West Bengal,low_depression,5.779999999999999,31.394234141145063,0.0089960803888556,0.0035918863729343,0.0005935806777026
2016-08-01,149,North West,Delhi,low_depression,26.5,30.776017396947346,0.0573073307661024,0.0258404242848852,0.0005870199396827
2016-08-01,156,North Goa,Goa,low_depression,6.449999999999999,30.40275761708892,0.0132926741812221,0.009922746996452,0.0022785889289934
2016-08-01,155,Dadra And Nagar Haveli,Dadra & Nagar Havelli and Daman & Diu,low_depression,16.3,30.18119518433891,0.1537547879149157,0.0105654551044458,0.0012621576588545
2016-08-01,340,Raigad,Maharashtra,low_depression,14.919999999999998,29.71542074574949,0.1537547879149157,0.0122880248849007,0.0012621576588545
2016-08-01,462,Jharsuguda,Odisha,low_depression,23.0,29.33677464436011,0.136290670360012,0.0109538815737978,0.0005870199396827
2016-08-01,463,Kalahandi,Odisha,low_depression,4.5181818181818185,28.675752985500782,0.0088676835921349,0.0089998971580213,0.0005935806777026
2016-08-01,675,Kushi Nagar,Uttar Pradesh,low_depression,7.933333333333334,28.550445942360135,0.0189248485102461,0.0082050932972096,0.0007961845102886
2016-08-01,98,Pashchim Champaran,Bihar,low_depression,7.8625,28.547979453987804,0.0189248485102461,0.0120892163901514,0.0007961845102886
2016-08-01,641,Ballia,Uttar Pradesh,low_depression,7.95,27.97037266185707,0.0189248485102461,0.0082050932972096,0.0007961845102886
2016-08-01,32,Anjaw,Arunanchal Pradesh,low_depression,1.37,27.69453485783733,0.0050145927948814,0.0030710229586876,0.000650717270628
2016-08-01,534,Sirohi,Rajasthan,low_depression,4.525,27.69381119899179,0.0088676835921349,0.0089998971580213,0.0005935806777026
2016-08-01,354,Ri Bhoi,Meghalaya,low_depression,1.3666666666666665,27.69122076792677,0.0050145927948814,0.0030710229586876,0.000650717270628
2016-08-01,649,Bulandshahr,Uttar Pradesh,low_depression,5.666666666666667,26.989050669287217,0.0135536434897835,0.0022028401112007,0.0005935806777026
2016-08-01,627,Pauri Garhwal,Uttarakhand,low_depression,7.962499999999999,26.94247926839011,0.02487113002073,0.0082050932972096,0.0007961845102886
2016-08-01,513,Bundi,Rajasthan,low_depression,6.4125,26.893674046833432,0.0199830702352275,0.009922746996452,0.0005923520492946
2016-08-01,327,Hingoli,Maharashtra,low_depression,9.716666666666669,26.69914363229333,0.0410585669611247,0.0078666829685883,0.0007961845102886
2016-08-01,90,Kishanganj,Bihar,low_depression,9.15,26.250973280631428,0.0300768422248064,0.0176796370242,0.0007961845102886
2016-08-01,350,Palghar,Maharashtra,low_depression,14.133333333333333,26.154255465697943,0.1103651678342242,0.0274635228940587,0.0012621576588545
2016-08-01,689,Pratapgarh,Uttar Pradesh,low_depression,3.6166666666666663,25.85331463851561,0.0086222118222938,0.0039837561791638,0.0005935806777026
2016-08-01,452,Bargarh,Odisha,low_depression,4.275,25.444548843380943,0.0178717483680192,0.0040520301315024,0.0005935806777026
2016-08-01,506,Alwar,Rajasthan,low_depression,4.328571428571428,25.11364733288308,0.0140641878108042,0.0040520301315024,0.0005935806777026
2016-08-01,343,Satara,Maharashtra,low_depression,4.2875,25.040197173298036,0.0117916906664849,0.0040520301315024,0.0005935806777026
2016-08-01,130,Narayanpur,Chhattisgarh,low_depression,2.95,25.0127545237425,0.0089997496804595,0.0092459667781645,0.0008981666588886
2016-08-01,538,Gangtok,Sikkim,low_depression,2.95,25.0127545237425,0.0089997496804595,0.0092459667781645,0.0008981666588886
2016-08-01,634,Aligarh,Uttar Pradesh,low_depression,6.65,24.750718715026977,0.0233222372555649,0.0134660519122196,0.0007961845102886
2016-08-01,295,Uttara Kannada,Karnataka,low_depression,3.0928571428571425,24.68792335990607,0.0133055376634734,0.0133990278254915,0.0005935806777026
2016-08-01,386,Chhatarpur,Madhya Pradesh,low_depression,3.091666666666667,24.68792335990607,0.0133055376634734,0.0133990278254915,0.0005935806777026
2016-08-01,625,Haridwar,Uttarakhand,low_depression,5.7,24.652219257665923,0.0158358148047357,0.0022028401112007,0.0005935806777026
2016-08-01,719,Jalpaiguri,West Bengal,low_depression,13.25,24.567331762013424,0.0798882707658516,0.0163138628038638,0.0014938994382913
2016-08-01,114,Bilaspur,Chhattisgarh,low_depression,1.5166666666666666,24.477715976557956,0.0077346282410096,0.0030710229586876,0.0034463952436709
2016-08-01,633,Agra,Uttar Pradesh,low_depression,4.266666666666667,24.11665607478692,0.0117916906664849,0.0040520301315024,0.003146322873319
2016-08-01,682,Mathura,Uttar Pradesh,low_depression,8.72,23.997964023981645,0.0296664471399858,0.0111419452424805,0.0026033139155603
2016-08-01,318,Amravati,Maharashtra,low_depression,13.13125,23.783824055820883,0.0798882707658516,0.0163138628038638,0.0027756090824443
2016-08-01,302,Kannur,Kerala,low_depression,3.025,23.769748637898804,0.0123243320005378,0.0133990278254915,0.0069822095623618
2016-08-01,655,Ayodhya,Uttar Pradesh,low_depression,7.1,23.58737091749453,0.0353554623346802,0.0147795315417982,0.0026033139155603
2016-08-01,395,Gwalior,Madhya Pradesh,low_depression,7.1,23.58737091749453,0.0353554623346802,0.0147795315417982,0.0026033139155603
2016-08-01,137,Surajpur,Chhattisgarh,low_depression,4.075,23.36103447584193,0.0094819656730657,0.0039837561791638,0.0019430150394157
2016-08-01,316,Ahmednagar,Maharashtra,low_depression,9.904545454545454,22.80326092118658,0.0204117621185744,0.0098326452467476,0.0084299389830496
2016-08-01,391,Dhar,Madhya Pradesh,low_depression,12.436363636363636,22.38467081084817,0.0193579358465364,0.028002546351602,0.0012290185908233
2016-08-01,183,Tapi,Gujarat,low_depression,9.45,22.24662735705072,0.0222792113976827,0.0147559275711425,0.0011013629741956
2016-08-01,118,Janjgir-Champa,Chhattisgarh,low_depression,4.475,21.74356095144212,0.009637405876519,0.0061455681318255,0.0009189887707735
2016-08-01,449,Anugul,Odisha,low_depression,1.1800000000000002,21.65502323996901,0.0098711174767762,0.012983181832814,0.0010655734617622
2016-08-01,646,Basti,Uttar Pradesh,low_depression,9.0,21.64969702613448,0.0236492383165357,0.0240021296023745,0.0011013629741956
2016-08-01,339,Pune,Maharashtra,low_depression,9.010526315789471,21.63184992695665,0.0236492383165357,0.0240021296023745,0.0011013629741956
2016-08-01,286,Kodagu,Karnataka,low_depression,1.2,21.478479815112667,0.0092653034973272,0.0025844599811495,0.0006621617606946
2016-08-01,69,Biswanath,Assam,low_depression,1.2,21.478479815112667,0.0092653034973272,0.0025844599811495,0.0006621617606946
2016-08-01,221,Yamunanagar,Haryana,low_depression,11.666666666666666,21.42066036690462,0.0176946780747036,0.0112084648067447,0.0006844111310324
2016-08-01,172,Narmada,Gujarat,low_depression,4.4,21.18393844017288,0.0081258702010051,0.0035796282256212,0.0005710403275247
2016-08-01,56,Kokrajhar,Assam,low_depression,11.6,20.909960591566094,0.0153561598389234,0.0112084648067447,0.0006844111310324
2016-08-01,238,Latehar,Jharkhand,low_depression,2.58,20.90536118314379,0.0105740445315463,0.0025844599811495,0.0006621617606946
2016-08-01,531,Rajsamand,Rajasthan,low_depression,11.94285714285714,20.550440566250707,0.0145770236859101,0.0112084648067447,0.0006844111310324
2016-08-01,49,Goalpara,Assam,low_depression,1.175,20.54232694974291,0.0092653034973272,0.012983181832814,0.0006621617606946
2016-08-01,212,Karnal,Haryana,low_depression,1.1749999999999998,20.54232694974291,0.0092653034973272,0.012983181832814,0.0006621617606946
2016-08-01,336,Nashik,Maharashtra,low_depression,12.481818181818182,20.367756328858285,0.0145770236859101,0.0112084648067447,0.0012290185908233
2016-08-01,65,Chirang,Assam,low_depression,1.925,20.316658815535337,0.0034978048586071,0.0025850689637198,0.0006621617606946
2016-08-01,174,Panch Mahals,Gujarat,low_depression,1.925,20.316658815535337,0.0034978048586071,0.0025850689637198,0.0006621617606946
2016-08-01,407,Neemuch,Madhya Pradesh,low_depression,3.0,20.101599786434964,0.0071566347395017,0.0046700943310932,0.0020590536572608
2016-08-01,729,Jhargram,West Bengal,low_depression,3.55,19.935362368326363,0.0074798822352375,0.0031057184220256,0.0005710403275247
2016-08-01,693,Sant Kabeer Nagar,Uttar Pradesh,low_depression,11.033333333333331,19.828136495349906,0.0160333511274349,0.014364030962683,0.0006844111310324
2016-08-01,209,Jhajjar,Haryana,low_depression,17.133333333333333,19.771303704933025,0.1165514697328927,0.0183609855356483,0.0012286141434513
2016-08-01,67,Udalguri,Assam,low_depression,12.766666666666666,19.70037980559277,0.0820343322794858,0.0112084648067447,0.0012284561645399
2016-08-01,319,Aurangabad,Maharashtra,low_depression,18.37333333333333,19.678984022080208,0.1165514697328927,0.0328564208746514,0.0044852720515681
2016-08-01,346,Thane,Maharashtra,low_depression,18.066666666666663,19.12166774767528,0.143156951367993,0.0328564208746514,0.0044852720515681
2016-08-01,427,Alirajpur,Madhya Pradesh,low_depression,11.3,19.08877180341958,0.0202184493405599,0.008632352133083,0.0006844111310324
2016-08-01,660,Ghaziabad,Uttar Pradesh,low_depression,11.3,19.08877180341958,0.0202184493405599,0.008632352133083,0.0006844111310324
2016-08-01,48,Dibrugarh,Assam,low_depression,3.275,18.94863751389127,0.0053718981733876,0.0044422807807585,0.0005710403275247
2016-08-01,390,Dewas,Madhya Pradesh,low_depression,11.55,18.878460345846968,0.0130281016618182,0.0112084648067447,0.0006844111310324
2016-08-01,416,Seoni,Madhya Pradesh,low_depression,3.4692307692307693,18.701483783361883,0.0055937598823081,0.0052612718156335,0.0005710403275247
2016-08-01,476,Sambalpur,Odisha,low_depression,9.627272727272729,18.514931152463,0.0142470061830722,0.0059053355337753,0.0006844111310324
2016-08-01,63,Sonitpur,Assam,low_depression,9.4,18.436962512963422,0.0137755573340754,0.0059053355337753,0.0006844111310324
2016-08-01,329,Jalna,Maharashtra,low_depression,13.033333333333331,18.36824201549612,0.0763865387377554,0.0106139607028067,0.0012284561645399
2016-08-01,398,Indore,Madhya Pradesh,low_depression,13.028571428571428,18.36824201549612,0.0763865387377554,0.0106139607028067,0.0012284561645399
2016-08-01,173,Navsari,Gujarat,low_depression,13.65,18.36630932289334,0.0927459490140322,0.0202068904322837,0.0012284561645399
2016-08-01,396,Harda,Madhya Pradesh,low_depression,19.04,18.35723185393972,0.0996644632892005,0.0246400194155243,0.0044852720515681
2016-08-01,618,Mulugu,Telangana,low_depression,17.583333333333332,18.33303292115757,0.0996644632892005,0.0311498677893666,0.0044852720515681
2016-08-01,532,Sawai Madhopur,Rajasthan,low_depression,10.44285714285714,18.290580632223325,0.0136040463551574,0.0059053355337753,0.0006844111310324
2016-08-01,131,Sukma,Chhattisgarh,low_depression,13.7,18.26521400569353,0.0927459490140322,0.0202068904322837,0.0012284561645399
2016-08-01,14,Visakhapatanam,Andhra Pradesh,low_depression,3.72,18.204180257874025,0.0050413314352976,0.0031057184220256,0.0005710403275247
2016-08-01,599,Peddapalli,Telangana,low_depression,3.725,18.13328568608698,0.0050413314352976,0.0031057184220256,0.0005710403275247
2016-08-01,400,Jhabua,Madhya Pradesh,low_depression,11.12,18.067170502168366,0.0136040463551574,0.0081733572282174,0.0006844111310324
2016-08-01,510,Bharatpur,Rajasthan,low_depression,5.214285714285714,17.89756144510572,0.0102730604485889,0.0019456030348132,0.0005710403275247
2016-08-01,19,East Kameng,Arunanchal Pradesh,low_depression,3.742857142857143,17.859928437654098,0.0050413314352976,0.0031057184220256,0.0005710403275247
2016-08-01,636,Ambedkar Nagar,Uttar Pradesh,low_depression,11.333333333333334,17.83627756071545,0.0136040463551574,0.0081733572282174,0.0006844111310324
2016-08-01,148,North East,Delhi,low_depression,24.4,17.64937714971068,0.0934251702135708,0.0246400194155243,0.0006665666072566
2016-08-01,405,Morena,Madhya Pradesh,low_depression,8.671428571428573,17.64429831502097,0.0146304896144579,0.0059053355337753,0.0006844111310324
2016-08-01,659,Gautam Buddha Nagar,Uttar Pradesh,low_depression,24.9,17.632164680195853,0.0934251702135708,0.0246400194155243,0.0006665666072566
2016-08-01,200,Sirmaur,Himachal Pradesh,low_depression,11.26,17.621160189150174,0.0136040463551574,0.0081733572282174,0.0006844111310324
2016-08-01,714,Darjeeling,West Bengal,low_depression,12.9,16.95066836383702,0.0799100682514404,0.0083645842607364,0.0012284561645399
2016-08-01,713,Coochbehar,West Bengal,low_depression,5.375,16.893697859809944,0.0102730604485889,0.0019456030348132,0.0005710403275247
2016-08-01,537,Pratapgarh,Rajasthan,low_depression,8.425,16.745701304607444,0.0146304896144579,0.0046491510984881,0.0006844111310324
2016-08-01,629,Rudra Prayag,Uttarakhand,low_depression,0.9,16.723242177575187,0.0057629649368964,0.0027018313970729,0.0007530829238222
2016-08-01,249,Anantnag,Jammu & Kashmir,low_depression,0.9,16.723242177575187,0.0057629649368964,0.0027018313970729,0.0007530829238222
2016-08-01,707,Hapur,Uttar Pradesh,low_depression,2.05,16.501669556865334,0.0027816205266186,0.0028893029646647,0.0006264941451321
2016-08-01,598,Jagitial,Telangana,low_depression,2.05,16.501669556865334,0.0027816205266186,0.0028893029646647,0.0006264941451321
2016-08-01,360,South West Khasi Hills,Meghalaya,low_depression,1.75,16.418568474673066,0.00291913380362,0.0028893029646647,0.0006264941451321
2016-08-01,35,Namsai,Arunanchal Pradesh,low_depression,1.75,16.418568474673066,0.00291913380362,0.0028893029646647,0.0006264941451321
2016-08-01,664,Hamirpur,Uttar Pradesh,low_depression,3.7000000000000006,16.38130281550944,0.0050413314352976,0.0031057184220256,0.000540278351833
2016-08-01,404,Mandsaur,Madhya Pradesh,low_depression,3.7,16.38130281550944,0.0050413314352976,0.0031057184220256,0.000540278351833
2016-08-01,337,Osmanabad,Maharashtra,low_depression,0.6333333333333334,16.337448894258067,0.0049114256383617,0.0027018313970729,0.0006264941451321
2016-08-01,247,Khunti,Jharkhand,low_depression,0.6333333333333333,16.337448894258067,0.0049114256383617,0.0027018313970729,0.0006264941451321
2016-08-01,189,Gir Somnath,Gujarat,low_depression,0.6333333333333333,16.337448894258067,0.0049114256383617,0.0027018313970729,0.0006264941451321
2016-08-01,344,Sindhudurg,Maharashtra,low_depression,8.422222222222222,16.265687507128316,0.0138851527382631,0.0046491510984881,0.0006475458205658
2016-08-01,324,Dhule,Maharashtra,low_depression,9.066666666666666,16.22698194024595,0.0138851527382631,0.0046491510984881,0.0006475458205658
2016-08-01,225,Bokaro,Jharkhand,low_depression,10.525,16.209239266120974,0.0225981620515799,0.0046491510984881,0.0006475458205658
2016-08-01,393,East Nimar,Madhya Pradesh,low_depression,16.740000000000002,16.16594750541171,0.1527245292469113,0.0137275183331063,0.0066572787147
2016-08-01,593,Nalgonda,Telangana,low_depression,1.7399999999999998,16.164302076859197,0.00291913380362,0.0028893029646647,0.0006264941451321
2016-08-01,84,Gopalganj,Bihar,low_depression,3.75,16.13767939506925,0.0050413314352976,0.0031057184220256,0.000540278351833
2016-08-01,51,Hailakandi,Assam,low_depression,3.75,16.13767939506925,0.0050413314352976,0.0031057184220256,0.000540278351833
2016-08-01,110,Supaul,Bihar,low_depression,2.566666666666667,15.993999330777749,0.0042712662001075,0.0028893029646647,0.0006264941451321
2016-08-01,604,Jayashankar Bhupalapally,Telangana,low_depression,5.225,15.853727531374515,0.0117832395753148,0.0019456030348132,0.000540278351833
2016-08-01,683,Mau,Uttar Pradesh,low_depression,6.9,15.85367179245732,0.0216611702437748,0.0200609193607229,0.0006475458205658
2016-08-01,651,Chitrakoot,Uttar Pradesh,low_depression,2.56,15.763508669581457,0.0042712662001075,0.0028893029646647,0.0006264941451321
2016-08-01,722,Medinipur East,West Bengal,low_depression,5.528571428571429,15.72640461958899,0.0125131725897023,0.0019456030348132,0.000540278351833
2016-08-01,626,Nainital,Uttarakhand,low_depression,1.2799999999999998,15.519437418945108,0.0041443877015563,0.0028893029646647,0.0006264941451321
2016-08-01,292,Shivamogga,Karnataka,low_depression,1.2727272727272727,15.514297788915478,0.0041443877015563,0.0028893029646647,0.0006264941451321
2016-08-01,663,Gorakhpur,Uttar Pradesh,low_depression,6.279999999999999,15.47694272738866,0.0159952626073182,0.0102650939001377,0.000540278351833
2016-08-01,331,Latur,Maharashtra,low_depression,1.9444444444444444,15.476050425503992,0.0027816205266186,0.0028893029646647,0.0006264941451321
2016-08-01,409,Raisen,Madhya Pradesh,low_depression,6.6000000000000005,15.396514638898111,0.0159952626073182,0.0107843804785892,0.0006475458205658
2016-08-01,667,Jaunpur,Uttar Pradesh,low_depression,5.025,14.980923814660024,0.0044517861267576,0.0019456030348132,0.000540278351833
2016-08-01,414,Satna,Madhya Pradesh,low_depression,4.3,14.90931439314543,0.0071395324376229,0.0035799285520825,0.000540278351833
2016-08-01,75,Araria,Bihar,low_depression,4.3,14.90931439314543,0.0071395324376229,0.0035799285520825,0.000540278351833
2016-08-01,40,Leparada,Arunanchal Pradesh,low_depression,2.75,14.572647735126123,0.0093923095230439,0.0033143998982529,0.0008647401339583
2016-08-01,382,Betul,Madhya Pradesh,low_depression,10.8375,14.351823909978346,0.0199378440462423,0.0034880568410617,0.0012251766461055
2016-08-01,668,Jhansi,Uttar Pradesh,low_depression,10.8375,14.351823909978346,0.0199378440462423,0.0034880568410617,0.0012251766461055
2016-08-01,727,Alipurduar,West Bengal,low_depression,8.28,14.31058721354032,0.0203643515413999,0.0034880568410617,0.0012251766461055
2016-08-01,685,Mirzapur,Uttar Pradesh,low_depression,5.425,14.304887888707166,0.0120265261333704,0.0019456030348132,0.0010223211749977
2016-08-01,46,Dhemaji,Assam,low_depression,5.425,14.304887888707166,0.0120265261333704,0.0019456030348132,0.0010223211749977
2016-08-01,42,Barpeta,Assam,low_depression,1.7333333333333334,14.270831409038289,0.003689601218583,0.0028893029646647,0.001185368501649
2016-08-01,456,Deogarh,Odisha,low_depression,1.7333333333333334,14.270831409038289,0.003689601218583,0.0028893029646647,0.001185368501649
2016-08-01,162,Bharuch,Gujarat,low_depression,1.1625,14.248078373383944,0.0113228552033283,0.0145134133205367,0.0005502573243338
2016-08-01,394,Guna,Madhya Pradesh,low_depression,16.733333333333334,14.20648700586161,0.133677226727513,0.0065522465626076,0.0094128900514425
2016-08-01,516,Dausa,Rajasthan,low_depression,5.433333333333334,14.0641877484697,0.0120265261333704,0.0019456030348132,0.0004745275114059
2016-08-01,307,Malappuram,Kerala,low_depression,1.1166666666666667,14.014191613758143,0.0080994896358156,0.0027018313970729,0.0005502567843994
2016-08-01,616,Kumuram Bheem Asifabad,Telangana,low_depression,1.95,14.00800779339328,0.0031090912854603,0.0028893029646647,0.0005502567843994
2016-08-01,239,Lohardaga,Jharkhand,low_depression,1.95,14.00800779339328,0.0031090912854603,0.0028893029646647,0.0005502567843994
2016-08-01,341,Ratnagiri,Maharashtra,low_depression,13.52727272727273,13.931273461658275,0.1360339594389329,0.0076255539042971,0.0017454084541477
2016-08-01,34,Kra Daadi,Arunanchal Pradesh,low_depression,2.55,13.90610273829905,0.0046842405077795,0.0028893029646647,0.0005502567843994
2016-08-01,199,Shimla,Himachal Pradesh,low_depression,1.7777777777777777,13.859730610461163,0.0032627405668353,0.0028893029646647,0.0005502567843994
2016-08-01,662,Gonda,Uttar Pradesh,low_depression,4.8,13.846768755380118,0.0045669692933803,0.0019456030348132,0.0004745275114059
2016-08-01,45,Darrang,Assam,low_depression,5.949999999999999,13.815098307179245,0.017058848656128,0.005407901969652,0.0004745275114059
2016-08-01,322,Buldhana,Maharashtra,low_depression,13.44,13.787496423731708,0.0947794578540292,0.0076255539042971,0.0008637711556889
2016-08-01,37,Kamle,Arunanchal Pradesh,low_depression,5.0,13.6802138498086,0.0045669692933803,0.0019456030348132,0.0004745275114059
2016-08-01,505,Ajmer,Rajasthan,low_depression,3.686666666666667,13.627054469519578,0.0055283473717671,0.0031057184220256,0.0004745275114059
2016-08-01,100,Purbi Champaran,Bihar,low_depression,5.48,13.55472655187116,0.0104435784881055,0.0019456030348132,0.0004745275114059
2016-08-01,601,Mancherial,Telangana,low_depression,2.125,13.532265419719144,0.004879336487942,0.0028893029646647,0.0005502567843994
2016-08-01,524,Jhalawar,Rajasthan,low_depression,5.466666666666667,13.505389111798738,0.0104435784881055,0.0019456030348132,0.0004745275114059
2016-08-01,432,Kolasib,Mizoram,low_depression,2.1,13.36045105080288,0.0031090912854603,0.0028893029646647,0.0005502567843994
2016-08-01,468,Koraput,Odisha,low_depression,2.1,13.36045105080288,0.0031090912854603,0.0028893029646647,0.0005502567843994
2016-08-01,220,Sonipat,Haryana,low_depression,2.1,13.36045105080288,0.0031090912854603,0.0028893029646647,0.0005502567843994
2016-08-01,348,Washim,Maharashtra,low_depression,10.3,13.358694840701377,0.0136696786168723,0.0034880568410617,0.0005687481632738
2016-08-01,498,Tarn Taran,Punjab,low_depression,0.28,13.27294618080474,0.0092200033758155,0.0027018313970729,0.0005501516680834
2016-08-01,21,Kurung Kumey,Arunanchal Pradesh,low_depression,2.2285714285714286,13.24736738687788,0.0035175964137842,0.0028893029646647,0.0005502567843994
2016-08-01,605,Mahabubabad,Telangana,low_depression,10.88,13.16424240609594,0.0142498984516677,0.0034880568410617,0.0005687481632738
2016-08-01,644,Barabanki,Uttar Pradesh,low_depression,5.36,13.087269015485347,0.009273444507374,0.0019456030348132,0.0004745275114059
2016-08-01,628,Pithoragarh,Uttarakhand,low_depression,5.36,13.087269015485347,0.009273444507374,0.0019456030348132,0.0004745275114059
2016-08-01,342,Sangli,Maharashtra,low_depression,2.227272727272727,13.070505614952264,0.0035175964137842,0.0028893029646647,0.0005502567843994
2016-08-01,613,Suryapet,Telangana,low_depression,1.1,12.90125553768202,0.0080994896358156,0.0027018313970729,0.0005502567843994
2016-08-01,718,Howrah,West Bengal,low_depression,1.1,12.90125553768202,0.0080994896358156,0.0027018313970729,0.0005502567843994
2016-08-01,418,Shajapur,Madhya Pradesh,low_depression,2.88,12.85072512128093,0.0049660289717943,0.0033582210242131,0.0007595329236218
2016-08-01,529,Nagaur,Rajasthan,low_depression,0.9703703703703704,12.728400402443278,0.0056018168159078,0.0027018313970729,0.0005502567843994
2016-08-01,7,East Godavari,Andhra Pradesh,low_depression,1.326315789473684,12.713129400292411,0.0046315472919011,0.0028893029646647,0.0005502567843994
2016-08-01,507,Banswara,Rajasthan,low_depression,11.416666666666666,12.705771964574062,0.0142498984516677,0.0036718790619664,0.0005687481632738
2016-08-01,179,Surat,Gujarat,low_depression,4.625,12.698867015431588,0.0070815111024746,0.0035799285520825,0.0004745275114059
2016-08-01,677,Lucknow,Uttar Pradesh,low_depression,1.35,12.686263045072792,0.0046315472919011,0.0028893029646647,0.0005502567843994
2016-08-01,376,Tengnoupal,Manipur,low_depression,1.35,12.686263045072792,0.0046315472919011,0.0028893029646647,0.0005502567843994
2016-08-01,62,Sivasagar,Assam,low_depression,1.35,12.686263045072792,0.0046315472919011,0.0028893029646647,0.0005502567843994
2016-08-01,666,Jalaun,Uttar Pradesh,low_depression,5.883333333333334,12.566383187130196,0.0129193816170619,0.0057018110414691,0.0004745275114059
2016-08-01,477,Sonepur,Odisha,low_depression,2.875,12.5184474972737,0.0049697412049983,0.0033582210242131,0.0007595329236218
2016-08-01,347,Wardha,Maharashtra,low_depression,2.3857142857142857,12.469132329249488,0.0042704219921168,0.0028893029646647,0.0005502567843994
2016-08-01,435,Mamit,Mizoram,low_depression,1.7666666666666666,12.41407056568579,0.0034022727437227,0.0028893029646647,0.0005502567843994
2016-08-01,638,Azamgarh,Uttar Pradesh,low_depression,11.4,12.413210831719413,0.0131655843466403,0.0036718790619664,0.0005687481632738
2016-08-01,630,Tehri Garhwal,Uttarakhand,low_depression,2.957142857142857,12.353187198683116,0.0058652849440804,0.0041030676910567,0.0007595329236218
2016-08-01,541,Gyalshing,Sikkim,low_depression,0.75,12.192018589699664,0.0067533878119081,0.0027018313970729,0.0005502567843994
2016-08-01,184,Chhotaudepur,Gujarat,low_depression,4.616666666666666,12.185693446234255,0.0070815111024746,0.0035799285520825,0.0004745275114059
2016-08-01,408,Panna,Madhya Pradesh,low_depression,2.211111111111111,12.178826135133486,0.0036679874768189,0.0028893029646647,0.0005502567843994
2016-08-01,123,Korea,Chhattisgarh,low_depression,4.954545454545454,12.0732589857286,0.0043032590546938,0.0019456030348132,0.0004745275114059
2016-08-01,244,Saraikela Kharsawan,Jharkhand,low_depression,0.9666666666666668,11.9691453639794,0.0062996127930464,0.0027018313970729,0.0005502567843994
2016-08-01,380,Balaghat,Madhya Pradesh,low_depression,2.161538461538462,11.95953183361352,0.0050876500405205,0.0028893029646647,0.0005502567843994
2016-08-01,425,Vidisha,Madhya Pradesh,low_depression,1.48,11.944586818174672,0.0084092854559952,0.0028893029646647,0.0005502567843994
2016-08-01,226,Chatra,Jharkhand,low_depression,2.1666666666666665,11.88429906616481,0.0050876500405205,0.0028893029646647,0.0005502567843994
2016-08-01,80,Bhojpur,Bihar,low_depression,2.1666666666666665,11.88429906616481,0.0050876500405205,0.0028893029646647,0.0005502567843994
2016-08-01,422,Tikamgarh,Madhya Pradesh,low_depression,2.2142857142857144,11.825413495025408,0.0036679874768189,0.0028893029646647,0.0005502567843994
2016-08-01,207,Gurugram,Haryana,low_depression,28.3,11.669349630171876,0.0761308409544352,0.007064930305501,0.0028908439771968
2016-08-01,128,Surguja,Chhattisgarh,low_depression,3.8,11.639093828851928,0.0051383539042751,0.0031057184220256,0.0004745275114059
2016-08-01,101,Purnia,Bihar,low_depression,3.0666666666666664,11.601356251079483,0.0057254792305909,0.0039033970396363,0.0004745275114059
2016-08-01,76,Aurangabad,Bihar,low_depression,0.6666666666666666,11.59303404994492,0.0075771275179224,0.0027018313970729,0.0005502567843994
2016-08-01,417,Shahdol,Madhya Pradesh,low_depression,2.8375,11.373854000732644,0.0049697412049983,0.0033582210242131,0.0007595329236218
2016-08-01,413,Sagar,Madhya Pradesh,low_depression,0.9428571428571428,11.265798131718778,0.0040622710361546,0.0027018313970729,0.0005502567843994
2016-08-01,709,24 Paraganas South,West Bengal,low_depression,2.4363636363636365,11.186175831721965,0.0062118271161699,0.0028893029646647,0.0005502567843994
2016-08-01,606,Jangoan,Telangana,low_depression,2.333333333333333,11.139203667438943,0.0042704219921168,0.0028893029646647,0.0005502567843994
2016-08-01,12,Prakasam,Andhra Pradesh,low_depression,0.0625,11.13702312464146,0.0078680365245349,0.0027018313970729,0.0008907314960683
2016-08-01,246,West Singhbhum,Jharkhand,low_depression,0.0625,11.13702312464146,0.0078680365245349,0.0027018313970729,0.0008907314960683
2016-08-01,697,Siddharth Nagar,Uttar Pradesh,low_depression,4.833333333333333,11.13320451849964,0.0042005286788786,0.0019454437182486,0.0004745275114059
2016-08-01,213,Kurukshetra,Haryana,low_depression,2.433333333333333,11.085816681150815,0.0062118271161699,0.0028893029646647,0.0005502567843994
2016-08-01,306,Kozhikode,Kerala,low_depression,2.1333333333333333,11.022827579417918,0.0050876500405205,0.0028893029646647,0.0005502567843994
2016-08-01,676,Lalitpur,Uttar Pradesh,low_depression,0.45,11.019316694960104,0.0153024152596824,0.0027018313970729,0.0005502567843994
2016-08-01,252,Doda,Jammu & Kashmir,low_depression,0.95,10.9912275697805,0.0040622710361546,0.0068293802969868,0.0005502567843994
2016-08-01,623,Champawat,Uttarakhand,low_depression,0.95,10.9912275697805,0.0040622710361546,0.0068293802969868,0.0005502567843994
2016-08-01,323,Chandrapur,Maharashtra,low_depression,2.4285714285714284,10.922590365279872,0.0062118271161699,0.0086098090207964,0.0005502567843994
2016-08-01,474,Puri,Odisha,low_depression,0.725,10.916084381400012,0.0049216344234804,0.0068293802969868,0.0005502567843994
2016-08-01,325,Gadchiroli,Maharashtra,low_depression,3.1380952380952385,10.818768239073489,0.005457293181644,0.0039028060116607,0.0026231481693168
2016-08-01,402,Khargone,Madhya Pradesh,low_depression,28.92,10.792804833944931,0.063805075223068,0.007064930305501,0.0161664864228797
2016-08-01,338,Parbhani,Maharashtra,low_depression,7.4,10.753990826453643,0.0179037436481233,0.0053157807869976,0.0031426506435543
2016-08-01,38,Lower Siang,Arunanchal Pradesh,low_depression,5.066666666666666,10.608198416996828,0.0125107839995883,0.0019454437182486,0.0004640618156672
2016-08-01,726,Purulia,West Bengal,low_depression,5.066666666666666,10.608198416996828,0.0125107839995883,0.0019454437182486,0.0004640618156672
2016-08-01,708,24 Paraganas North,West Bengal,low_depression,1.46,10.574494497358868,0.0064102226020186,0.0037195269069802,0.0005381217801072
2016-08-01,256,Poonch,Jammu & Kashmir,low_depression,0.38,10.45172543427548,0.0049621565400346,0.0029473567654136,0.0005381217801072
2016-08-01,203,Ambala,Haryana,low_depression,2.65,10.431438108826812,0.0043947962795325,0.0037195269069802,0.0005381217801072
2016-08-01,299,Alappuzha,Kerala,low_depression,0.6499999999999999,10.406694196239728,0.004885282339937,0.0029473567654136,0.0005381217801072
2016-08-01,140,Gaurella Pendra Marwahi,Chhattisgarh,low_depression,0.65,10.406694196239728,0.004885282339937,0.0029473567654136,0.0005381217801072
2016-08-01,59,Nagaon,Assam,low_depression,2.42,10.392740146408926,0.0054813317543593,0.0037195269069802,0.0005381217801072
2016-08-01,102,Rohtas,Bihar,low_depression,2.42,10.392740146408926,0.0054813317543593,0.0037195269069802,0.0005381217801072
2016-08-01,620,Almora,Uttarakhand,low_depression,6.960000000000001,10.330011545245718,0.0460979780694406,0.0053157807869976,0.0005562055891142
2016-08-01,420,Shivpuri,Madhya Pradesh,low_depression,12.6,10.31073764101358,0.0805214462097517,0.0037244640049668,0.0006082668171721
2016-08-01,428,Agar Malwa,Madhya Pradesh,low_depression,1.86,10.257062160528909,0.0030002608704066,0.0037195269069802,0.0005381217801072
2016-08-01,704,Amethi,Uttar Pradesh,low_depression,5.975,10.203933873481123,0.0140027085818113,0.0050584702143911,0.0004640618156672
2016-08-01,426,Singrauli,Madhya Pradesh,low_depression,1.8142857142857145,10.166446144970603,0.0034022727437227,0.0037195269069802,0.0005381217801072
2016-08-01,81,Buxar,Bihar,low_depression,4.85,10.14009556631257,0.0040580730858139,0.0019437921329182,0.0004640618156672
2016-08-01,254,Kathua,Jammu & Kashmir,low_depression,2.3200000000000003,10.055101595624526,0.0042704219921168,0.0037195269069802,0.0005381217801072
2016-08-01,169,Kachchh,Gujarat,low_depression,0.3754098360655737,9.972518443017124,0.0049621565400346,0.0026959466997384,0.0005381217801072
2016-08-01,57,Lakhimpur,Assam,low_depression,5.116666666666666,9.972243708501669,0.0065733098857165,0.0047788992031361,0.0004640618156672
2016-08-01,303,Kasaragod,Kerala,low_depression,4.166666666666667,9.844377301997072,0.0053694865918954,0.014058241041506,0.0004640618156672
2016-08-01,517,Dholpur,Rajasthan,low_depression,5.1,9.82798633441018,0.0118825339960272,0.0047788992031361,0.0004640618156672
2016-08-01,294,Udupi,Karnataka,low_depression,5.1,9.82798633441018,0.0118825339960272,0.0047788992031361,0.0004640618156672
2016-08-01,36,Siang,Arunanchal Pradesh,low_depression,1.9,9.809256951166702,0.0034366920436129,0.0052551665268574,0.0005381217801072
2016-08-01,214,Mahendragarh,Haryana,low_depression,1.9,9.809256951166702,0.0034366920436129,0.0052551665268574,0.0005381217801072
2016-08-01,31,West Siang,Arunanchal Pradesh,low_depression,1.9,9.809256951166702,0.0034366920436129,0.0052551665268574,0.0005381217801072
2016-08-01,421,Sidhi,Madhya Pradesh,low_depression,3.457142857142857,9.776978363162408,0.0047266886829882,0.0181018417480562,0.0004640618156672
2016-08-01,705,Sambhal,Uttar Pradesh,low_depression,1.225,9.71535413666254,0.0046841244673538,0.0035174700628444,0.0005381217801072
2016-08-01,454,Boudh,Odisha,low_depression,1.425,9.706874581768712,0.007339030521882,0.0035174700628444,0.0005381217801072
2016-08-01,681,Mainpuri,Uttar Pradesh,low_depression,0.5,9.630891044168584,0.0054141851052894,0.0026530187702588,0.0005381217801072
2016-08-01,95,Muzaffarpur,Bihar,low_depression,0.5,9.630891044168584,0.0054141851052894,0.0026530187702588,0.0005381217801072
2016-08-01,257,Pulwama,Jammu & Kashmir,low_depression,0.5,9.630891044168584,0.0054141851052894,0.0026530187702588,0.0005381217801072
2016-08-01,730,Paschim Bardhaman,West Bengal,low_depression,0.5,9.630891044168584,0.0054141851052894,0.0026530187702588,0.0005381217801072
2016-08-01,44,Cachar,Assam,low_depression,0.5,9.630891044168584,0.0054141851052894,0.0026530187702588,0.0005381217801072
2016-08-01,25,Papum Pare,Arunanchal Pradesh,low_depression,1.8166666666666669,9.63045488815899,0.0038969537628608,0.0035174700628444,0.0005381217801072
2016-08-01,305,Kottayam,Kerala,low_depression,0.3999999999999999,9.625123477957136,0.0049621565400346,0.002377328161226,0.0005381217801072
2016-08-01,192,Chamba,Himachal Pradesh,low_depression,0.3999999999999999,9.625123477957136,0.0049621565400346,0.002377328161226,0.0005381217801072
2016-08-01,111,Vaishali,Bihar,low_depression,0.3999999999999999,9.625123477957136,0.0049621565400346,0.002377328161226,0.0005381217801072
2016-08-01,141,Chandigarh,Chandigarh,low_depression,0.4,9.625123477957136,0.0049621565400346,0.002377328161226,0.0005381217801072
2016-08-01,310,Thiruvananthapuram,Kerala,low_depression,0.3999999999999999,9.625123477957136,0.0049621565400346,0.002377328161226,0.0005381217801072
2016-08-01,274,Bidar,Karnataka,low_depression,0.4,9.625123477957136,0.0049621565400346,0.002377328161226,0.0005381217801072
2016-08-01,265,Samba,Jammu & Kashmir,low_depression,2.3,9.538549127353836,0.0042011398193513,0.0035174700628444,0.0005381217801072
2016-08-01,673,Kaushambi,Uttar Pradesh,low_depression,2.3,9.538549127353836,0.0042011398193513,0.0035174700628444,0.0005381217801072
2016-08-01,359,East Jaintia Hills,Meghalaya,low_depression,2.3000000000000003,9.538549127353836,0.0042704219921168,0.0035174700628444,0.0005381217801072
2016-08-01,353,West Jaintia Hills,Meghalaya,low_depression,2.3000000000000003,9.538549127353836,0.0042704219921168,0.0035174700628444,0.0005381217801072
2016-08-01,277,Chikkamagaluru,Karnataka,low_depression,1.05,9.433638148883226,0.0042626438858055,0.0040735113787457,0.0005381217801072
2016-08-01,30,West Kameng,Arunanchal Pradesh,low_depression,5.928571428571429,9.385718018261011,0.0133005481777936,0.0053334901810679,0.0004640618156672
2016-08-01,260,Udhampur,Jammu & Kashmir,low_depression,4.933333333333334,9.350334403184943,0.0038526341044324,0.0022558058228363,0.0004640618156672
2016-08-01,635,Prayagraj,Uttar Pradesh,low_depression,1.3142857142857145,9.329423063173952,0.0066019414851779,0.0035174700628444,0.0005381217801072
2016-08-01,115,Dantewada,Chhattisgarh,low_depression,5.9,9.249548337241562,0.0133005481777936,0.0053334901810679,0.0004640618156672
2016-08-01,586,Unakoti,Tripura,low_depression,5.9,9.249548337241562,0.0133005481777936,0.0053334901810679,0.0004640618156672
2016-08-01,53,Kamrup,Assam,low_depression,2.52,9.24255404244941,0.0042131265867218,0.0035174700628444,0.0005381217801072
2016-08-01,187,Morbi,Gujarat,low_depression,0.3714285714285714,9.189903603116528,0.0045233338639718,0.002377328161226,0.0005381217801072
2016-08-01,61,Dima Hasao,Assam,low_depression,0.3714285714285714,9.189903603116528,0.0045233338639718,0.002377328161226,0.0005381217801072
2016-08-01,55,Karimganj,Assam,low_depression,3.5,9.13143948456214,0.0052204629698628,0.0041641850709076,0.0004640618156672
2016-08-01,215,Panchkula,Haryana,low_depression,3.5,9.13143948456214,0.0052204629698628,0.0041641850709076,0.0004640618156672
2016-08-01,475,Rayagada,Odisha,low_depression,3.5,9.13143948456214,0.0052204629698628,0.0041641850709076,0.0004640618156672
2016-08-01,186,Arvalli,Gujarat,low_depression,0.26,9.066800030837427,0.0064733111808717,0.002377328161226,0.0005373991978377
2016-08-01,364,Churachandpur,Manipur,low_depression,0.25,8.996209312087808,0.006842695882407,0.002377328161226,0.0005373991978377
2016-08-01,304,Kollam,Kerala,low_depression,0.25,8.996209312087808,0.006842695882407,0.002377328161226,0.0005373991978377
2016-08-01,301,Idukki,Kerala,low_depression,0.25,8.996209312087808,0.006842695882407,0.002377328161226,0.0005373991978377
2016-08-01,180,Surendranagar,Gujarat,low_depression,0.2454545454545454,8.931618802701653,0.006842695882407,0.002377328161226,0.0005373991978377
2016-08-01,590,Khammam,Telangana,low_depression,1.04,8.888382669874467,0.0042626438858055,0.0040735113787457,0.0005381217801072
2016-08-01,13,Srikakulam,Andhra Pradesh,low_depression,0.2571428571428572,8.66367094607115,0.0064733111808717,0.002377328161226,0.0005373991978377
2016-08-01,132,Kondagaon,Chhattisgarh,low_depression,1.088888888888889,8.608397542661084,0.0037952208207411,0.0030664337495062,0.0005381217801072
2016-08-01,279,Dakshina Kannada,Karnataka,low_depression,3.4285714285714284,8.5596896368928,0.0065831307843761,0.0098258221428788,0.0004640618156672
2016-08-01,230,East Singhbum,Jharkhand,low_depression,0.44,8.539769803306651,0.0053637573762823,0.0033797517895234,0.0005381217801072
2016-08-01,700,Sultanpur,Uttar Pradesh,low_depression,7.575,8.535724417782985,0.0195009454742281,0.0417794450532901,0.0005562055891142
2016-08-01,478,Sundargarh,Odisha,low_depression,1.3076923076923077,8.465240917473,0.0069713474531078,0.0033045650808726,0.0017995171175194
2016-08-01,188,Devbhumi Dwarka,Gujarat,low_depression,0.7428571428571429,8.4560608986098,0.0052799130684375,0.002340541305089,0.0131956156220236
2016-08-01,165,Dohad,Gujarat,low_depression,6.58,8.398411497493516,0.013914025129535,0.0212262359726296,0.0004641860477295
2016-08-01,357,West Khasi Hills,Meghalaya,low_depression,4.9,8.238700738347584,0.0039198596560204,0.0022558058228363,0.0004641860477295
2016-08-01,330,Kolhapur,Maharashtra,low_depression,2.822222222222222,8.224569246825492,0.0091454412000339,0.0033639815711559,0.0004641860477295
2016-08-01,167,Jamnagar,Gujarat,low_depression,0.4333333333333333,8.195336022975313,0.0069177506052692,0.0020972537648575,0.0004641860477295
2016-08-01,521,Jaipur,Rajasthan,low_depression,3.957142857142857,8.08997354001856,0.0064377028326617,0.0030196548231614,0.0004641860477295
2016-08-01,587,Adilabad,Telangana,low_depression,0.36,7.956177099573168,0.0055720460034754,0.0020972537648575,0.0004641860477295
2016-08-01,430,Aizawl,Mizoram,low_depression,0.2833333333333333,7.910912664183878,0.0073621239859528,0.0020972537648575,0.0004641860477295
2016-08-01,281,Dharwad,Karnataka,low_depression,1.075,7.896492574567859,0.0112332731291257,0.0028802598409104,0.0004641860477295
2016-08-01,290,Mysuru,Karnataka,low_depression,0.1714285714285714,7.840746165749063,0.0094133750875127,0.0025884534199273,0.0004641860477295
2016-08-01,171,Mahesana,Gujarat,low_depression,0.1714285714285714,7.840746165749063,0.0094133750875127,0.0025884534199273,0.0004641860477295
2016-08-01,543,Coimbatore,Tamil Nadu,low_depression,0.1714285714285714,7.840746165749063,0.0094133750875127,0.0025884534199273,0.0004641860477295
2016-08-01,526,Jodhpur,Rajasthan,low_depression,0.4878787878787879,7.823326528103025,0.0049622978825693,0.0028885566120803,0.0004641860477295
2016-08-01,177,Rajkot,Gujarat,low_depression,0.37,7.768558441558363,0.0050561756291208,0.0025884534199273,0.0004641860477295
2016-08-01,511,Bhilwara,Rajasthan,low_depression,6.064285714285715,7.752443931479661,0.0145222024453464,0.0050337837865327,0.0004641860477295
2016-08-01,352,East Khasi Hills,Meghalaya,low_depression,5.325,7.738057385182024,0.0099035750693847,0.0022010368625157,0.0004641860477295
2016-08-01,412,Rewa,Madhya Pradesh,low_depression,3.4545454545454546,7.625583554513592,0.0050345593018728,0.0024596763936171,0.0004641860477295
2016-08-01,326,Gondia,Maharashtra,low_depression,3.85,7.6084349562319105,0.0045845894015312,0.0024596763936171,0.0004641860477295
2016-08-01,652,Deoria,Uttar Pradesh,low_depression,3.85,7.6084349562319105,0.0045845894015312,0.0024596763936171,0.0004641860477295
2016-08-01,60,Nalbari,Assam,low_depression,3.85,7.6084349562319105,0.0045845894015312,0.0024596763936171,0.0004641860477295
2016-08-01,121,Kabirdham,Chhattisgarh,low_depression,1.883333333333333,7.566221970673862,0.0036644044068373,0.0021336881808867,0.0004641860477295
2016-08-01,639,Baghpat,Uttar Pradesh,low_depression,1.85,7.552491710946915,0.0036644044068373,0.0021336881808867,0.0004641860477295
2016-08-01,82,Darbhanga,Bihar,low_depression,0.275,7.527852112149701,0.0071696815533837,0.0018002628921081,0.0004641860477295
2016-08-01,248,Ramgarh,Jharkhand,low_depression,15.45,7.385201712611557,0.0664458937199175,0.0058911132735278,0.0004641860477295
2016-08-01,194,Kangra,Himachal Pradesh,low_depression,0.6375,7.344098387163804,0.0055804962677728,0.0020090873447806,0.0004641860477295
2016-08-01,218,Rohtak,Haryana,low_depression,1.6,7.307794880783323,0.0024430453564074,0.0021336881808867,0.0004641860477295
2016-08-01,731,Mirpur,Jammu & Kashmir,low_depression,1.6,7.307794880783323,0.0024430453564074,0.0021336881808867,0.0004641860477295
2016-08-01,410,Rajgarh,Madhya Pradesh,low_depression,1.6,7.307794880783323,0.0024430453564074,0.0021336881808867,0.0004641860477295
2016-08-01,377,Kamjong,Manipur,low_depression,1.6,7.307794880783323,0.0024430453564074,0.0021336881808867,0.0004641860477295
2016-08-01,284,Hassan,Karnataka,low_depression,0.4599999999999999,7.28147307224077,0.0039218132415184,0.0020090873447806,0.0004641860477295
2016-08-01,26,Tawang,Arunanchal Pradesh,low_depression,0.4599999999999999,7.28147307224077,0.0039218132415184,0.0020090873447806,0.0004641860477295
2016-08-01,429,Niwari,Madhya Pradesh,low_depression,7.5,7.240171126487078,0.0125188857183199,0.0051104663364615,0.0004641860477295
2016-08-01,479,Amritsar,Punjab,low_depression,0.8,7.235672936831479,0.0111963505167924,0.0020090873447806,0.0004641860477295
2016-08-01,139,Bemetara,Chhattisgarh,low_depression,0.7999999999999999,7.235672936831479,0.0111963505167924,0.0020090873447806,0.0004641860477295
2016-08-01,24,Lower Subansiri,Arunanchal Pradesh,low_depression,0.8,7.235672936831479,0.0111963505167924,0.0020090873447806,0.0004641860477295
2016-08-01,371,Kakching,Manipur,low_depression,0.8,7.235672936831479,0.0111963505167924,0.0020090873447806,0.0004641860477295
2016-08-01,224,Charki Dadri,Haryana,low_depression,0.8,7.235672936831479,0.0111963505167924,0.0020090873447806,0.0004641860477295
2016-08-01,596,Warangal,Telangana,low_depression,8.299999999999999,7.182559434612835,0.007128412172338,0.0031351300053237,0.0004641860477295
2016-08-01,399,Jabalpur,Madhya Pradesh,low_depression,0.6571428571428571,7.064395752183554,0.0046269392838716,0.0020090873447806,0.0004641860477295
2016-08-01,93,Madhubani,Bihar,low_depression,0.24,6.949256571250082,0.0108628140124673,0.0018002628921081,0.0004641860477295
2016-08-01,561,The Nilgiris,Tamil Nadu,low_depression,0.0666666666666666,6.862529171136939,0.0146518915193456,0.0018002628921081,0.0004641860477295
2016-08-01,549,Kanniyakumari,Tamil Nadu,low_depression,0.0666666666666666,6.862529171136939,0.0146518915193456,0.0018002628921081,0.0004641860477295
2016-08-01,439,Kohima,Nagaland,low_depression,0.0666666666666666,6.862529171136939,0.0146518915193456,0.0018002628921081,0.0004641860477295
2016-08-01,703,Kasganj,Uttar Pradesh,low_depression,0.0666666666666666,6.862529171136939,0.0146518915193456,0.0018002628921081,0.0004641860477295
2016-08-01,657,Fatehpur,Uttar Pradesh,low_depression,0.6428571428571429,6.838214851754583,0.0227977307714785,0.0020090873447806,0.0004641860477295
2016-08-01,235,Hazaribagh,Jharkhand,low_depression,2.25,6.795594894308032,0.0051357235446913,0.0021336881808867,0.0004641860477295
2016-08-01,694,Bhadohi,Uttar Pradesh,low_depression,2.25,6.795594894308032,0.0051357235446913,0.0021336881808867,0.0004641860477295
2016-08-01,589,Karimnagar,Telangana,low_depression,2.833333333333333,6.784904395301028,0.0036017891792077,0.0022385772322261,0.0004641860477295
2016-08-01,217,Rewari,Haryana,low_depression,6.0,6.740126056206367,0.0116163794289689,0.0050337837865327,0.0004641860477295
2016-08-01,108,Sitamarhi,Bihar,low_depression,0.3666666666666667,6.707954537148956,0.0129473524439611,0.0018002628921081,0.0004641860477295
2016-08-01,250,Budgam,Jammu & Kashmir,low_depression,0.3666666666666667,6.707954537148956,0.0129473524439611,0.0018002628921081,0.0004641860477295
2016-08-01,433,Lawngtlai,Mizoram,low_depression,0.3666666666666667,6.707954537148956,0.0129473524439611,0.0018002628921081,0.0004641860477295
2016-08-01,434,Lunglei,Mizoram,low_depression,0.5833333333333334,6.693508781067493,0.0201727988458862,0.0020090873447806,0.0004641860477295
2016-08-01,692,Saharanpur,Uttar Pradesh,low_depression,7.633333333333334,6.670378442175963,0.0163025026955256,0.0065753309375674,0.0004641860477295
2016-08-01,129,Bijapur,Chhattisgarh,low_depression,7.625,6.670378442175963,0.0163025026955256,0.0065753309375674,0.0004641860477295
2016-08-01,594,Nizamabad,Telangana,low_depression,0.0714285714285714,6.670137547082384,0.0625433232639608,0.0018002628921081,0.0004641860477295
2016-08-01,282,Gadag,Karnataka,low_depression,0.2375,6.617252210713544,0.0343319082740838,0.0018002628921081,0.0004641860477295
2016-08-01,23,Lower Dibang Valley,Arunanchal Pradesh,low_depression,0.825,6.565127964175408,0.0042206293210841,0.0020090873447806,0.0004641860477295
2016-08-01,512,Bikaner,Rajasthan,low_depression,0.1954545454545454,6.524653705408191,0.0072766157892543,0.0018002628921081,0.0004641860477295
2016-08-01,710,Bankura,West Bengal,low_depression,1.0363636363636362,6.493710633759668,0.004037378684829,0.0103663611675334,0.0004641860477295
2016-08-01,642,Balrampur,Uttar Pradesh,low_depression,3.45,6.492658199385601,0.0040874648241552,0.0024596763936171,0.0004641860477295
2016-08-01,47,Dhubri,Assam,low_depression,3.1666666666666665,6.484525957146254,0.0037673605822644,0.0022385772322261,0.0004641860477295
2016-08-01,345,Solapur,Maharashtra,low_depression,0.2727272727272727,6.475348249485892,0.0051874944684834,0.0018002628921081,0.0004641860477295
2016-08-01,133,Baloda Bazar,Chhattisgarh,low_depression,0.5166666666666667,6.442168453052156,0.0062212305677169,0.0020090873447806,0.0004641860477295
2016-08-01,397,Narmadapuram,Madhya Pradesh,low_depression,15.2,6.354391180352638,0.065014381444033,0.0058911132735278,0.0004641860477295
2016-08-01,99,Patna,Bihar,low_depression,0.075,6.265178609639312,0.0135683758285423,0.0018002628921081,0.0004641860477295
2016-08-01,117,Durg,Chhattisgarh,low_depression,0.075,6.265178609639312,0.0135683758285423,0.0018002628921081,0.0004641860477295
2016-08-01,161,Banas Kantha,Gujarat,low_depression,0.3,6.184830286455616,0.0046802656648184,0.0018002628921081,0.0004641860477295
2016-08-01,190,Botad,Gujarat,low_depression,0.3,6.184830286455616,0.0046802656648184,0.0018002628921081,0.0004641860477295
2016-08-01,355,South Garo Hills,Meghalaya,low_depression,0.3,6.184830286455616,0.0046802656648184,0.0018002628921081,0.0004641860477295
2016-08-01,465,Kendrapara,Odisha,low_depression,0.3,6.184830286455616,0.0046802656648184,0.0018002628921081,0.0004641860477295
2016-08-01,285,Haveri,Karnataka,low_depression,0.3,6.184830286455616,0.0046802656648184,0.0018002628921081,0.0004641860477295
2016-08-01,436,Saiha,Mizoram,low_depression,0.3,6.184830286455616,0.0046802656648184,0.0018002628921081,0.0004641860477295
2016-08-01,362,Bishnupur,Manipur,low_depression,0.3,6.184830286455616,0.0046802656648184,0.0018002628921081,0.0004641860477295
2016-08-01,424,Umaria,Madhya Pradesh,low_depression,0.3,6.184830286455616,0.0046802656648184,0.0018002628921081,0.0004641860477295
2016-08-01,597,Nirmal,Telangana,low_depression,0.3,6.184830286455616,0.0046802656648184,0.0018002628921081,0.0004641860477295
2016-08-01,392,Dindori,Madhya Pradesh,low_depression,0.3,6.184830286455616,0.0046802656648184,0.0018002628921081,0.0004641860477295
2016-08-01,687,Muzaffarnagar,Uttar Pradesh,low_depression,0.3,6.184830286455616,0.0046802656648184,0.0018002628921081,0.0004641860477295
2016-08-01,17,Changlang,Arunanchal Pradesh,low_depression,0.3,6.184830286455616,0.0046802656648184,0.0018002628921081,0.0004641860477295
2016-08-01,701,Unnao,Uttar Pradesh,low_depression,0.4833333333333333,6.163816438122683,0.0047992026645214,0.0020090873447806,0.0004641860477295
2016-08-01,28,Upper Siang,Arunanchal Pradesh,low_depression,0.6777777777777777,6.148463666659607,0.0058318451512375,0.0020090873447806,0.0004641860477295
2016-08-01,88,Katihar,Bihar,low_depression,1.1333333333333333,6.112855015971018,0.0039446948414821,0.0078157370227505,0.0004641860477295
2016-08-01,64,Tinsukia,Assam,low_depression,0.7833333333333333,6.0616197401430245,0.0042192606910023,0.0020090873447806,0.0004641860477295
2016-08-01,135,Balod,Chhattisgarh,low_depression,0.7833333333333333,6.0616197401430245,0.0042192606910023,0.0020090873447806,0.0004641860477295
2016-08-01,87,Kaimur (Bhabua),Bihar,low_depression,3.3000000000000003,6.050351537163412,0.0044678178792084,0.0022385772322261,0.0004641860477295
2016-08-01,15,Vizianagaram,Andhra Pradesh,low_depression,0.7875,6.00772838138545,0.0042192606910023,0.0020090873447806,0.0004641860477295
2016-08-01,116,Dhamtari,Chhattisgarh,low_depression,0.4666666666666666,5.892537674396915,0.0047992026645214,0.0020090873447806,0.0004641860477295
2016-08-01,715,Dinajpur Dakshin,West Bengal,low_depression,0.4666666666666666,5.892537674396915,0.0047992026645214,0.0020090873447806,0.0004641860477295
2016-08-01,450,Balangir,Odisha,low_depression,0.4666666666666667,5.892537674396915,0.0047992026645214,0.0020090873447806,0.0004641860477295
2016-08-01,610,Wanaparthy,Telangana,low_depression,0.4666666666666666,5.892537674396915,0.0047992026645214,0.0020090873447806,0.0004641860477295
2016-08-01,267,Ganderbal,Jammu & Kashmir,low_depression,0.4666666666666667,5.892537674396915,0.0047992026645214,0.0020090873447806,0.0004641860477295
2016-08-01,89,Khagaria,Bihar,low_depression,0.15,5.868877551154192,0.0072766157892543,0.0018002628921081,0.0004641860477295
2016-08-01,453,Bhadrak,Odisha,low_depression,0.15,5.868877551154192,0.0072766157892543,0.0018002628921081,0.0004641860477295
2016-08-01,163,Bhavnagar,Gujarat,low_depression,0.15,5.868877551154192,0.0072766157892543,0.0018002628921081,0.0004641860477295
2016-08-01,74,West Karbi Anglong,Assam,low_depression,0.15,5.868877551154192,0.0072766157892543,0.0018002628921081,0.0004641860477295
2016-08-01,580,North Tripura,Tripura,low_depression,3.8333333333333335,5.798136851930558,0.004236545695335,0.0024596763936171,0.0004641860477295
2016-08-01,223,Palwal,Haryana,low_depression,15.25,5.736929310571324,0.065740048211163,0.0157293894199806,0.0004641860477295
2016-08-01,368,Tamenglong,Manipur,low_depression,0.68,5.64689279000203,0.0063481341374691,0.0020090873447806,0.0004641860477295
2016-08-01,255,Kupwara,Jammu & Kashmir,low_depression,2.7,5.627785717780103,0.0074451187656393,0.0021336881808867,0.0004641860477295
2016-08-01,70,Majuli,Assam,low_depression,2.7,5.627785717780103,0.0074451187656393,0.0021336881808867,0.0004641860477295
2016-08-01,242,Ranchi,Jharkhand,low_depression,8.375,5.627631981409694,0.0109127875478317,0.0034589855548143,0.0004641860477295
2016-08-01,406,Narsinghpur,Madhya Pradesh,low_depression,8.375,5.627631981409694,0.0109127875478317,0.0034589855548143,0.0004641860477295
2016-08-01,518,Dungarpur,Rajasthan,low_depression,3.44,5.4527307526542765,0.0045889170977985,0.0058173968721842,0.0004641860477295
2016-08-01,268,Reasi,Jammu & Kashmir,low_depression,4.133333333333333,5.313681080841934,0.0062742089438636,0.0053868727505522,0.0004641860477295
2016-08-01,185,Mahisagar,Gujarat,low_depression,0.6,5.2685939457534685,0.0078556421949543,0.0020090873447806,0.0004641860477295
2016-08-01,363,Chandel,Manipur,low_depression,0.6,5.2685939457534685,0.0078556421949543,0.0020090873447806,0.0004641860477295
2016-08-01,272,Belagavi,Karnataka,low_depression,0.6,5.2685939457534685,0.0078556421949543,0.0020090873447806,0.0004641860477295
2016-08-01,264,Bandipora,Jammu & Kashmir,low_depression,0.6,5.2685939457534685,0.0078556421949543,0.0020090873447806,0.0004641860477295
2016-08-01,379,Ashoknagar,Madhya Pradesh,low_depression,0.6,5.2685939457534685,0.0078556421949543,0.0020090873447806,0.0004641860477295
2016-08-01,112,Arwal,Bihar,low_depression,0.6,5.2685939457534685,0.0078556421949543,0.0020090873447806,0.0004641860477295
2016-08-01,127,Rajnandgaon,Chhattisgarh,low_depression,2.49,5.219718672054518,0.0044888993951968,0.0021336881808867,0.0004641860477295
2016-08-01,612,Jogulamba Gadwal,Telangana,low_depression,0.175,5.180863919543186,0.0076335763362087,0.0018002628921081,0.0004641860477295
2016-08-01,654,Etawah,Uttar Pradesh,low_depression,2.466666666666667,5.059321505674132,0.0045680772875816,0.0021618256364407,0.0004641860477295
2016-08-01,603,Hanumakonda,Telangana,low_depression,3.2,4.996226853259767,0.0043043349944772,0.0022680947408171,0.0004641860477295
2016-08-01,384,Bhopal,Madhya Pradesh,low_depression,3.2,4.996226853259767,0.0043043349944772,0.0022680947408171,0.0004641860477295
2016-08-01,262,Ramban,Jammu & Kashmir,low_depression,3.2,4.996226853259767,0.0043043349944772,0.0022680947408171,0.0004641860477295
2016-08-01,122,Korba,Chhattisgarh,low_depression,5.3125,4.925497645011319,0.0067708687041353,0.0067969866558211,0.0004641860477295
2016-08-01,658,Firozabad,Uttar Pradesh,low_depression,3.225,4.867726959172115,0.0043043349944772,0.0022680947408171,0.0004641860477295
2016-08-01,92,Madhepura,Bihar,low_depression,1.0,4.774479156926202,0.006013218361066,0.0020355351299468,0.0004641860477295
2016-08-01,451,Baleshwar,Odisha,low_depression,1.0,4.774479156926202,0.006013218361066,0.0020355351299468,0.0004641860477295
2016-08-01,684,Meerut,Uttar Pradesh,low_depression,1.0,4.774479156926202,0.006013218361066,0.0020355351299468,0.0004641860477295
2016-08-01,706,Shamli,Uttar Pradesh,low_depression,1.0,4.774479156926202,0.006013218361066,0.0020355351299468,0.0004641860477295
2016-08-01,515,Churu,Rajasthan,low_depression,0.2863636363636364,4.612308167405765,0.0049788557145641,0.0018239667197606,0.0004641860477295
2016-08-01,579,Dhalai,Tripura,low_depression,0.7000000000000001,4.541315178635483,0.0062034453919863,0.0020355351299468,0.0004641860477295
2016-08-01,614,Yadadri Bhuvanagiri,Telangana,low_depression,0.7000000000000001,4.541315178635483,0.0062034453919863,0.0020355351299468,0.0004641860477295
2016-08-01,312,Wayanad,Kerala,low_depression,0.7000000000000001,4.541315178635483,0.0062034453919863,0.0020355351299468,0.0004641860477295
2016-08-01,258,Rajouri,Jammu & Kashmir,low_depression,0.7,4.541315178635483,0.0062034453919863,0.0020355351299468,0.0004641860477295
2016-08-01,308,Palakkad,Kerala,low_depression,0.7000000000000001,4.541315178635483,0.0062034453919863,0.0020355351299468,0.0004641860477295
2016-08-01,103,Saharsa,Bihar,low_depression,0.5333333333333333,4.491572383669303,0.0066068322230648,0.0020355351299468,0.0004641860477295
2016-08-01,690,Rae Bareli,Uttar Pradesh,low_depression,4.15,4.403078256621253,0.0051416671428022,0.0053900980190782,0.0004641860477295
2016-08-01,632,Uttar Kashi,Uttarakhand,low_depression,5.258333333333334,4.331683672239159,0.0076206589616458,0.002282015025527,0.0004641860477295
2016-08-01,367,Senapati,Manipur,low_depression,0.2,4.150252883151032,0.0053142229314273,0.0018239667197606,0.0004641860477295
2016-08-01,72,Charaideo,Assam,low_depression,0.2,4.150252883151032,0.0053142229314273,0.0018239667197606,0.0004641860477295
2016-08-01,170,Kheda,Gujarat,low_depression,0.2,4.150252883151032,0.0053142229314273,0.0018239667197606,0.0004641860477295
2016-08-01,686,Moradabad,Uttar Pradesh,low_depression,0.1999999999999999,4.150252883151032,0.0053142229314273,0.0018239667197606,0.0004641860477295
2016-08-01,643,Banda,Uttar Pradesh,low_depression,0.1999999999999999,4.150252883151032,0.0053142229314273,0.0018239667197606,0.0004641860477295
2016-08-01,609,Siddipet,Telangana,low_depression,0.2,4.150252883151032,0.0053142229314273,0.0018239667197606,0.0004641860477295
2016-08-01,241,Palamu,Jharkhand,low_depression,0.2,4.150252883151032,0.0053142229314273,0.0018239667197606,0.0004641860477295
2016-08-01,201,Solan,Himachal Pradesh,low_depression,0.1999999999999999,4.150252883151032,0.0053142229314273,0.0018239667197606,0.0004641860477295
2016-08-01,437,Serchhip,Mizoram,low_depression,0.2,4.150252883151032,0.0053142229314273,0.0018239667197606,0.0004641860477295
2016-08-01,43,Bongaigaon,Assam,low_depression,0.2,4.150252883151032,0.0053142229314273,0.0018239667197606,0.0004641860477295
2016-08-01,648,Budaun,Uttar Pradesh,low_depression,0.3333333333333333,4.103911925658144,0.0049788557145641,0.0018239667197606,0.0004641860477295
2016-08-01,136,Mungeli,Chhattisgarh,low_depression,2.8000000000000003,4.07413034720312,0.0069610536514131,0.0022680947408171,0.0004641860477295
2016-08-01,349,Yavatmal,Maharashtra,low_depression,2.8,4.07413034720312,0.0069610536514131,0.0022680947408171,0.0004641860477295
2016-08-01,83,Gaya,Bihar,low_depression,0.02,4.072691538057117,0.0090874378995737,0.0018239667197606,0.0004641860477295
2016-08-01,229,Dumka,Jharkhand,low_depression,0.02,4.072691538057117,0.0090874378995737,0.0018239667197606,0.0004641860477295
2016-08-01,674,Kheri,Uttar Pradesh,low_depression,0.02,4.072691538057117,0.0090874378995737,0.0018239667197606,0.0004641860477295
2016-08-01,461,Jajapur,Odisha,low_depression,0.02,4.072691538057117,0.0090874378995737,0.0018239667197606,0.0004641860477295
2016-08-01,732,Muzaffarabad,Jammu & Kashmir,low_depression,0.8699999999999999,4.0689106492157885,0.005351497527356,0.0020355351299468,0.0004641860477295
2016-08-01,583,Khowai,Tripura,low_depression,0.2333333333333333,4.067710307398203,0.0053142229314273,0.0018239667197606,0.0004641860477295
2016-08-01,351,East Garo Hills,Meghalaya,low_depression,0.2333333333333333,4.067710307398203,0.0053142229314273,0.0018239667197606,0.0004641860477295
2016-08-01,403,Mandla,Madhya Pradesh,low_depression,0.2222222222222222,3.924289797433048,0.0053142229314273,0.0018239667197606,0.0004641860477295
2016-08-01,669,Amroha,Uttar Pradesh,low_depression,0.7666666666666666,3.9204814413979454,0.0056204114331255,0.0020355351299468,0.0004641860477295
2016-08-01,458,Gajapati,Odisha,low_depression,0.7666666666666666,3.9204814413979454,0.0056204114331255,0.0020355351299468,0.0004641860477295
2016-08-01,228,Dhanbad,Jharkhand,low_depression,0.7666666666666666,3.9204814413979454,0.0056204114331255,0.0020355351299468,0.0004641860477295
2016-08-01,696,Shravasti,Uttar Pradesh,low_depression,0.7666666666666666,3.9204814413979454,0.0056204114331255,0.0020355351299468,0.0004641860477295
2016-08-01,671,Kanpur Dehat,Uttar Pradesh,low_depression,0.22,3.918919972265405,0.0053142229314273,0.0018239667197606,0.0004641860477295
2016-08-01,725,Nadia,West Bengal,low_depression,0.22,3.918919972265405,0.0053142229314273,0.0018239667197606,0.0004641860477295
2016-08-01,119,Jashpur,Chhattisgarh,low_depression,0.22,3.918919972265405,0.0053142229314273,0.0018239667197606,0.0004641860477295
2016-08-01,387,Chhindwara,Madhya Pradesh,low_depression,5.26875,3.907741272779192,0.0076206589616458,0.002282015025527,0.0004641860477295
2016-08-01,333,Nagpur,Maharashtra,low_depression,4.1466666666666665,3.888287229623187,0.0051416671428022,0.0053900980190782,0.0004641860477295
2016-08-01,311,Thrissur,Kerala,low_depression,1.3,3.843522592213252,0.0037749238054646,0.0021618256364407,0.0004641860477295
2016-08-01,266,Shopian,Jammu & Kashmir,low_depression,1.3,3.843522592213252,0.0037749238054646,0.0021618256364407,0.0004641860477295
2016-08-01,500,Pathankot,Punjab,low_depression,1.3,3.843522592213252,0.0037749238054646,0.0021618256364407,0.0004641860477295
2016-08-01,261,Kishtwar,Jammu & Kashmir,low_depression,0.21875,3.803395570656463,0.0053142229314273,0.0018239667197606,0.0004641860477295
2016-08-01,22,Lohit,Arunanchal Pradesh,low_depression,4.7,3.803183617635,0.0037739784593613,0.0022827180043782,0.0004641860477295
2016-08-01,195,Kinnaur,Himachal Pradesh,low_depression,0.8399999999999999,3.7210097993406817,0.0056209411584783,0.0020355351299468,0.0004641860477295
2016-08-01,647,Bijnor,Uttar Pradesh,low_depression,0.8400000000000001,3.7210097993406817,0.0056209411584783,0.0020355351299468,0.0004641860477295
2016-08-01,679,Maharajganj,Uttar Pradesh,low_depression,4.04,3.6933475896647945,0.006055013298053,0.0024921019974104,0.0004641860477295
2016-08-01,509,Barmer,Rajasthan,low_depression,0.1375,3.68637615497598,0.0053142229314273,0.0018239667197606,0.0004641860477295
2016-08-01,470,Mayurbhanj,Odisha,low_depression,0.5764705882352942,3.673167187304174,0.0101390578345763,0.0020355351299468,0.0004641860477295
2016-08-01,273,Ballari,Karnataka,low_depression,0.1545454545454545,3.65097775032308,0.0053142229314273,0.0018239667197606,0.0004641860477295
2016-08-01,522,Jaisalmer,Rajasthan,low_depression,0.069090909090909,3.605665341345065,0.006323988914982,0.0018239667197606,0.0004641860477295
2016-08-01,113,Bastar,Chhattisgarh,low_depression,3.4333333333333336,3.5547428906306098,0.0047348822024484,0.0058938253517661,0.0004641860477295
2016-08-01,321,Bhandara,Maharashtra,low_depression,3.4333333333333336,3.5547428906306098,0.0047348822024484,0.0058938253517661,0.0004641860477295
2016-08-01,525,Jhunjhunu,Rajasthan,low_depression,0.325,3.47721340382482,0.0049788557145641,0.0018239667197606,0.0004641860477295
2016-08-01,372,Kangpokpi,Manipur,low_depression,0.325,3.47721340382482,0.0049788557145641,0.0018239667197606,0.0004641860477295
2016-08-01,717,Hooghly,West Bengal,low_depression,0.325,3.47721340382482,0.0049788557145641,0.0018239667197606,0.0004641860477295
2016-08-01,178,Sabar Kantha,Gujarat,low_depression,0.525,3.1359794211452865,0.0066085822102621,0.0020355351299468,0.0004641860477295
2016-08-01,320,Beed,Maharashtra,low_depression,5.293333333333334,3.083229060957259,0.0107064251728906,0.002282015025527,0.0004641860477295
2016-08-01,699,Sonbhadra,Uttar Pradesh,low_depression,1.9875,3.0682452578619355,0.0035832497313184,0.0021618256364407,0.0004641860477295
2016-08-01,622,Chamoli,Uttarakhand,low_depression,2.023076923076923,2.9903480983602977,0.0081549938182723,0.0021618256364407,0.0004641860477295
2016-08-01,231,Garhwa,Jharkhand,low_depression,0.0571428571428571,2.9784483490239877,0.006323988914982,0.0018239667197606,0.0004641860477295
2016-08-01,595,Ranga Reddy,Telangana,low_depression,0.0571428571428571,2.9784483490239877,0.006323988914982,0.0018239667197606,0.0004641860477295
2016-08-01,8,Guntur,Andhra Pradesh,low_depression,0.0533333333333333,2.943406188317987,0.006323988914982,0.0018239667197606,0.0004641860477295
2016-08-01,523,Jalore,Rajasthan,low_depression,0.10625,2.799602197260911,0.0053142229314273,0.0018239667197606,0.0004641860477295
2016-08-01,196,Kullu,Himachal Pradesh,low_depression,0.2111111111111111,2.754464959590644,0.0053142229314273,0.0018239667197606,0.0004641860477295
2016-08-01,698,Sitapur,Uttar Pradesh,low_depression,0.2111111111111111,2.754464959590644,0.0053142229314273,0.0018239667197606,0.0004641860477295
2016-08-01,198,Mandi,Himachal Pradesh,low_depression,0.18,2.72218952201335,0.0059615032955229,0.0018239667197606,0.0004641860477295
2016-08-01,615,Vikarabad,Telangana,low_depression,0.18,2.72218952201335,0.0059615032955229,0.0018239667197606,0.0004641860477295
2016-08-01,159,Amreli,Gujarat,low_depression,0.13,2.6676549842010235,0.0059615032955229,0.0018239667197606,0.0004641860477295
2016-08-01,175,Patan,Gujarat,low_depression,0.1285714285714286,2.650077402527236,0.0059615032955229,0.0018239667197606,0.0004641860477295
2016-08-01,471,Nabarangpur,Odisha,low_depression,0.5375,2.478757731658762,0.0071014835127566,0.0020355351299468,0.0004641860477295
2016-08-01,160,Anand,Gujarat,low_depression,0.12,2.477420282985787,0.0059615032955229,0.0018239667197606,0.0004641860477295
2016-08-01,493,Patiala,Punjab,low_depression,0.12,2.477420282985787,0.0059615032955229,0.0018239667197606,0.0004641860477295
2016-08-01,168,Junagadh,Gujarat,low_depression,0.7571428571428571,2.4672917771422904,0.0042085600401979,0.0020355351299468,0.0004641860477295
2016-08-01,514,Chittorgarh,Rajasthan,low_depression,3.875,2.46304871354241,0.0033055909556399,0.0024921019974104,0.0004641860477295
2016-08-01,370,Ukhrul,Manipur,low_depression,0.1333333333333333,2.439186370113074,0.0040845412662663,0.0018239667197606,0.0004641860477295
2016-08-01,619,Narayanpet,Telangana,low_depression,0.1333333333333333,2.439186370113074,0.0040845412662663,0.0018239667197606,0.0004641860477295
2016-08-01,573,Tiruppur,Tamil Nadu,low_depression,0.0125,2.3229827177648685,0.0069907915279593,0.0018239667197606,0.0004641860477295
2016-08-01,181,Vadodara,Gujarat,low_depression,0.9333333333333332,2.2804869235384566,0.0049493910084269,0.0020355351299468,0.0004641860477295
2016-08-01,459,Ganjam,Odisha,low_depression,0.1454545454545454,2.217126492848648,0.0040845412662663,0.0018239667197606,0.0004641860477295
2016-08-01,278,Chitradurga,Karnataka,low_depression,0.1454545454545454,2.217126492848648,0.0040845412662663,0.0018239667197606,0.0004641860477295
2016-08-01,464,Kandhamal,Odisha,low_depression,0.9272727272727272,2.194917148390328,0.0055944959925313,0.0020355351299468,0.0004641860477295
2016-08-01,176,Porbandar,Gujarat,low_depression,0.92,2.1641956919265866,0.0237635644414429,0.0020355351299468,0.0004641860477295
2016-08-01,484,Gurdaspur,Punjab,low_depression,0.92,2.1641956919265866,0.0237635644414429,0.0020355351299468,0.0004641860477295
2016-08-01,4,Anantapur,Andhra Pradesh,low_depression,0.0307692307692307,2.1039012944283653,0.0081615196906542,0.0018239667197606,0.0004641860477295
2016-08-01,466,Kendujhar,Odisha,low_depression,0.125,2.093825614559345,0.0047709062395183,0.0018239667197606,0.0004641860477295
2016-08-01,591,Mahabubnagar,Telangana,low_depression,0.125,2.093825614559345,0.0047709062395183,0.0018239667197606,0.0004641860477295
2016-08-01,473,Nuapada,Odisha,low_depression,0.125,2.093825614559345,0.0047709062395183,0.0018239667197606,0.0004641860477295
2016-08-01,18,Dibang Valley,Arunanchal Pradesh,low_depression,0.125,2.093825614559345,0.0047709062395183,0.0018239667197606,0.0004641860477295
2016-08-01,276,Chamarajanagara,Karnataka,low_depression,0.0142857142857142,2.075911139039029,0.0081615196906542,0.0018239667197606,0.0004641860477295
2016-08-01,54,Karbi Anglong,Assam,low_depression,0.0499999999999999,1.986336496553191,0.0084865889005755,0.0018239667197606,0.0004641860477295
2016-08-01,446,Peren,Nagaland,low_depression,0.05,1.986336496553191,0.0084865889005755,0.0018239667197606,0.0004641860477295
2016-08-01,33,Longding,Arunanchal Pradesh,low_depression,0.05,1.986336496553191,0.0084865889005755,0.0018239667197606,0.0004641860477295
2016-08-01,193,Hamirpur,Himachal Pradesh,low_depression,0.05,1.986336496553191,0.0084865889005755,0.0018239667197606,0.0004641860477295
2016-08-01,232,Giridih,Jharkhand,low_depression,0.05,1.986336496553191,0.0084865889005755,0.0018239667197606,0.0004641860477295
2016-08-01,234,Gumla,Jharkhand,low_depression,0.0499999999999999,1.986336496553191,0.0084865889005755,0.0018239667197606,0.0004641860477295
2016-08-01,378,Anuppur,Madhya Pradesh,low_depression,0.76,1.960024273550275,0.0067772693589838,0.001789605354411,0.0004641860477295
2016-08-01,300,Ernakulam,Kerala,low_depression,0.76,1.960024273550275,0.0067772693589838,0.001789605354411,0.0004641860477295
2016-08-01,315,Leh Ladakh,Ladakh,low_depression,0.1820408163265306,1.946380954514804,0.0069687790440336,0.001789605354411,0.0004641860477295
2016-08-01,280,Davangere,Karnataka,low_depression,0.2285714285714286,1.9094350254546384,0.0087765126659461,0.001789605354411,0.0004641860477295
2016-08-01,251,Baramulla,Jammu & Kashmir,low_depression,1.2333333333333334,1.8868060928415933,0.0102407417784252,0.0017895639034356,0.0004641860477295
2016-08-01,158,Ahmadabad,Gujarat,low_depression,0.2272727272727272,1.7986338708231964,0.0053493562734536,0.001789605354411,0.0004641860477295
2016-08-01,539,Mangan,Sikkim,low_depression,0.1428571428571428,1.7395112782928577,0.0016157287741133,0.001789605354411,0.0004641860477295
2016-08-01,712,Birbhum,West Bengal,low_depression,0.025,1.6867630016698212,0.0016847302418663,0.001789605354411,0.0004641860477295
2016-08-01,289,Mandya,Karnataka,low_depression,0.025,1.6867630016698212,0.0016847302418663,0.001789605354411,0.0004641860477295
2016-08-01,467,Khordha,Odisha,low_depression,0.025,1.6867630016698212,0.0016847302418663,0.001789605354411,0.0004641860477295
2016-08-01,431,Champhai,Mizoram,low_depression,0.025,1.6867630016698212,0.0016847302418663,0.001789605354411,0.0004641860477295
2016-08-01,50,Golaghat,Assam,low_depression,0.025,1.6867630016698212,0.0016847302418663,0.001789605354411,0.0004641860477295
2016-08-01,291,Raichur,Karnataka,low_depression,0.025,1.6867630016698212,0.0016847302418663,0.001789605354411,0.0004641860477295
2016-08-01,29,Upper Subansiri,Arunanchal Pradesh,low_depression,2.0,1.6697994890316736,0.0046787792640523,0.0017895639034356,0.0004641860477295
2016-08-01,533,Sikar,Rajasthan,low_depression,2.0,1.6697994890316736,0.0046787792640523,0.0017895639034356,0.0004641860477295
2016-08-01,204,Bhiwani,Haryana,low_depression,0.08,1.6584463490088497,0.0013853091991928,0.001789605354411,0.0004641860477295
2016-08-01,283,Kalaburagi,Karnataka,low_depression,0.08,1.6584463490088497,0.0013853091991928,0.001789605354411,0.0004641860477295
2016-08-01,216,Panipat,Haryana,low_depression,0.1,1.5981100379104602,0.0013853091991928,0.001789605354411,0.0004641860477295
2016-08-01,678,Hathras,Uttar Pradesh,low_depression,0.1,1.5981100379104602,0.0013853091991928,0.001789605354411,0.0004641860477295
2016-08-01,107,Sheohar,Bihar,low_depression,0.1,1.5981100379104602,0.0013853091991928,0.001789605354411,0.0004641860477295
2016-08-01,166,Gandhinagar,Gujarat,low_depression,0.1,1.5981100379104602,0.0013853091991928,0.001789605354411,0.0004641860477295
2016-08-01,240,Pakur,Jharkhand,low_depression,0.1,1.5981100379104602,0.0013853091991928,0.001789605354411,0.0004641860477295
2016-08-01,275,Vijayapura,Karnataka,low_depression,0.1,1.5981100379104602,0.0013853091991928,0.001789605354411,0.0004641860477295
2016-08-01,374,Noney,Manipur,low_depression,0.1,1.5981100379104602,0.0013853091991928,0.001789605354411,0.0004641860477295
2016-08-01,309,Pathanamthitta,Kerala,low_depression,0.1,1.5981100379104602,0.0013853091991928,0.001789605354411,0.0004641860477295
2016-08-01,491,Sri Muktsar Sahib,Punjab,low_depression,0.1,1.5981100379104602,0.0013853091991928,0.001789605354411,0.0004641860477295
2016-08-01,269,Bagalkote,Karnataka,low_depression,0.1,1.5981100379104602,0.0013853091991928,0.001789605354411,0.0004641860477295
2016-08-01,438,Dimapur,Nagaland,low_depression,0.1,1.5981100379104602,0.0013853091991928,0.001789605354411,0.0004641860477295
2016-08-01,10,Kurnool,Andhra Pradesh,low_depression,0.2260869565217391,1.596408598088002,0.0013853091991928,0.001789605354411,0.0004641860477295
2016-08-01,645,Bareilly,Uttar Pradesh,low_depression,0.0166666666666666,1.5608616122435914,0.0014444845837083,0.001789605354411,0.0004641860477295
2016-08-01,566,Tirunelveli,Tamil Nadu,low_depression,0.0166666666666666,1.5608616122435914,0.0014444845837083,0.001789605354411,0.0004641860477295
2016-08-01,388,Damoh,Madhya Pradesh,low_depression,0.35,1.4369026997383942,0.0013845313866579,0.001789605354411,0.0004641860477295
2016-08-01,600,Rajanna Sircilla,Telangana,low_depression,0.35,1.4369026997383942,0.0013845313866579,0.001789605354411,0.0004641860477295
2016-08-01,401,Katni,Madhya Pradesh,low_depression,0.35,1.4369026997383942,0.0013845313866579,0.001789605354411,0.0004641860477295
2016-08-01,443,Tuensang,Nagaland,low_depression,0.0,1.2912339947644766,0.0016849529942111,0.001789605354411,0.0004641860477295
2016-08-01,5,Chittoor,Andhra Pradesh,low_depression,0.0,1.2912339947644766,0.0016849529942111,0.001789605354411,0.0004641860477295
2016-08-01,501,Karaikal,Puducherry,low_depression,0.0,1.2912339947644766,0.0016849529942111,0.001789605354411,0.0004641860477295
2016-08-01,721,Maldah,West Bengal,low_depression,0.0,1.2912339947644766,0.0016849529942111,0.001789605354411,0.0004641860477295
2016-08-01,441,Mon,Nagaland,low_depression,0.0,1.2912339947644766,0.0016849529942111,0.001789605354411,0.0004641860477295
2016-08-01,440,Mokokchung,Nagaland,low_depression,0.0,1.2912339947644766,0.0016849529942111,0.001789605354411,0.0004641860477295
2016-08-01,496,Barnala,Punjab,low_depression,0.0,1.2912339947644766,0.0016849529942111,0.001789605354411,0.0004641860477295
2016-08-01,519,Ganganagar,Rajasthan,low_depression,0.0,1.2912339947644766,0.0016849529942111,0.001789605354411,0.0004641860477295
2016-08-01,52,Jorhat,Assam,low_depression,0.0,1.2912339947644766,0.0016849529942111,0.001789605354411,0.0004641860477295
2016-08-01,724,Murshidabad,West Bengal,low_depression,0.0,1.2912339947644766,0.0016849529942111,0.001789605354411,0.0004641860477295
2016-08-01,520,Hanumangarh,Rajasthan,low_depression,0.0,1.2912339947644766,0.0016849529942111,0.001789605354411,0.0004641860477295
2016-08-01,503,Pondicherry,Puducherry,low_depression,0.0,1.2912339947644766,0.0016849529942111,0.001789605354411,0.0004641860477295
2016-08-01,27,Tirap,Arunanchal Pradesh,low_depression,0.0,1.2912339947644766,0.0016849529942111,0.001789605354411,0.0004641860477295
2016-08-01,375,Pherzawl,Manipur,low_depression,0.0,1.2912339947644766,0.0016849529942111,0.001789605354411,0.0004641860477295
2016-08-01,494,Rupnagar,Punjab,low_depression,0.0,1.2912339947644766,0.0016849529942111,0.001789605354411,0.0004641860477295
2016-08-01,361,South West Garo Hills,Meghalaya,low_depression,0.0,1.2912339947644766,0.0016849529942111,0.001789605354411,0.0004641860477295
2016-08-01,544,Cuddalore,Tamil Nadu,low_depression,0.0,1.2912339947644766,0.0016849529942111,0.001789605354411,0.0004641860477295
2016-08-01,545,Dharmapuri,Tamil Nadu,low_depression,0.0,1.2912339947644766,0.0016849529942111,0.001789605354411,0.0004641860477295
2016-08-01,546,Dindigul,Tamil Nadu,low_depression,0.0,1.2912339947644766,0.0016849529942111,0.001789605354411,0.0004641860477295
2016-08-01,547,Erode,Tamil Nadu,low_depression,0.0,1.2912339947644766,0.0016849529942111,0.001789605354411,0.0004641860477295
2016-08-01,548,Kanchipuram,Tamil Nadu,low_depression,0.0,1.2912339947644766,0.0016849529942111,0.001789605354411,0.0004641860477295
2016-08-01,550,Karur,Tamil Nadu,low_depression,0.0,1.2912339947644766,0.0016849529942111,0.001789605354411,0.0004641860477295
2016-08-01,551,Krishnagiri,Tamil Nadu,low_depression,0.0,1.2912339947644766,0.0016849529942111,0.001789605354411,0.0004641860477295
2016-08-01,552,Madurai,Tamil Nadu,low_depression,0.0,1.2912339947644766,0.0016849529942111,0.001789605354411,0.0004641860477295
2016-08-01,553,Nagapattinam,Tamil Nadu,low_depression,0.0,1.2912339947644766,0.0016849529942111,0.001789605354411,0.0004641860477295
2016-08-01,695,Shahjahanpur,Uttar Pradesh,low_depression,0.0,1.2912339947644766,0.0016849529942111,0.001789605354411,0.0004641860477295
2016-08-01,555,Perambalur,Tamil Nadu,low_depression,0.0,1.2912339947644766,0.0016849529942111,0.001789605354411,0.0004641860477295
2016-08-01,495,Sangrur,Punjab,low_depression,0.0,1.2912339947644766,0.0016849529942111,0.001789605354411,0.0004641860477295
2016-08-01,492,Shahid Bhagat Singh Nagar,Punjab,low_depression,0.0,1.2912339947644766,0.0016849529942111,0.001789605354411,0.0004641860477295
2016-08-01,556,Pudukkottai,Tamil Nadu,low_depression,0.0,1.2912339947644766,0.0016849529942111,0.001789605354411,0.0004641860477295
2016-08-01,73,Hojai,Assam,low_depression,0.0,1.2912339947644766,0.0016849529942111,0.001789605354411,0.0004641860477295
2016-08-01,457,Dhenkanal,Odisha,low_depression,0.0,1.2912339947644766,0.0016849529942111,0.001789605354411,0.0004641860477295
2016-08-01,97,Nawada,Bihar,low_depression,0.0,1.2912339947644766,0.0016849529942111,0.001789605354411,0.0004641860477295
2016-08-01,96,Nalanda,Bihar,low_depression,0.0,1.2912339947644766,0.0016849529942111,0.001789605354411,0.0004641860477295
2016-08-01,104,Samastipur,Bihar,low_depression,0.0,1.2912339947644766,0.0016849529942111,0.001789605354411,0.0004641860477295
2016-08-01,94,Munger,Bihar,low_depression,0.0,1.2912339947644766,0.0016849529942111,0.001789605354411,0.0004641860477295
2016-08-01,106,Sheikhpura,Bihar,low_depression,0.0,1.2912339947644766,0.0016849529942111,0.001789605354411,0.0004641860477295
2016-08-01,455,Cuttack,Odisha,low_depression,0.0,1.2912339947644766,0.0016849529942111,0.001789605354411,0.0004641860477295
2016-08-01,91,Lakhisarai,Bihar,low_depression,0.0,1.2912339947644766,0.0016849529942111,0.001789605354411,0.0004641860477295
2016-08-01,472,Nayagarh,Odisha,low_depression,0.0,1.2912339947644766,0.0016849529942111,0.001789605354411,0.0004641860477295
2016-08-01,9,Krishna,Andhra Pradesh,low_depression,0.0,1.2912339947644766,0.0016849529942111,0.001789605354411,0.0004641860477295
2016-08-01,448,Longleng,Nagaland,low_depression,0.0,1.2912339947644766,0.0016849529942111,0.001789605354411,0.0004641860477295
2016-08-01,447,Kiphire,Nagaland,low_depression,0.0,1.2912339947644766,0.0016849529942111,0.001789605354411,0.0004641860477295
2016-08-01,445,Zunheboto,Nagaland,low_depression,0.0,1.2912339947644766,0.0016849529942111,0.001789605354411,0.0004641860477295
2016-08-01,86,Jehanabad,Bihar,low_depression,0.0,1.2912339947644766,0.0016849529942111,0.001789605354411,0.0004641860477295
2016-08-01,85,Jamui,Bihar,low_depression,0.0,1.2912339947644766,0.0016849529942111,0.001789605354411,0.0004641860477295
2016-08-01,11,Spsr Nellore,Andhra Pradesh,low_depression,0.0,1.2912339947644766,0.0016849529942111,0.001789605354411,0.0004641860477295
2016-08-01,480,Bathinda,Punjab,low_depression,0.0,1.2912339947644766,0.0016849529942111,0.001789605354411,0.0004641860477295
2016-08-01,481,Faridkot,Punjab,low_depression,0.0,1.2912339947644766,0.0016849529942111,0.001789605354411,0.0004641860477295
2016-08-01,483,Ferozepur,Punjab,low_depression,0.0,1.2912339947644766,0.0016849529942111,0.001789605354411,0.0004641860477295
2016-08-01,486,Jalandhar,Punjab,low_depression,0.0,1.2912339947644766,0.0016849529942111,0.001789605354411,0.0004641860477295
2016-08-01,79,Bhagalpur,Bihar,low_depression,0.0,1.2912339947644766,0.0016849529942111,0.001789605354411,0.0004641860477295
2016-08-01,78,Begusarai,Bihar,low_depression,0.0,1.2912339947644766,0.0016849529942111,0.001789605354411,0.0004641860477295
2016-08-01,77,Banka,Bihar,low_depression,0.0,1.2912339947644766,0.0016849529942111,0.001789605354411,0.0004641860477295
2016-08-01,488,Ludhiana,Punjab,low_depression,0.0,1.2912339947644766,0.0016849529942111,0.001789605354411,0.0004641860477295
2016-08-01,489,Mansa,Punjab,low_depression,0.0,1.2912339947644766,0.0016849529942111,0.001789605354411,0.0004641860477295
2016-08-01,444,Wokha,Nagaland,low_depression,0.0,1.2912339947644766,0.0016849529942111,0.001789605354411,0.0004641860477295
2016-08-01,490,Moga,Punjab,low_depression,0.0,1.2912339947644766,0.0016849529942111,0.001789605354411,0.0004641860477295
2016-08-01,191,Bilaspur,Himachal Pradesh,low_depression,0.0,1.2912339947644766,0.0016849529942111,0.001789605354411,0.0004641860477295
2016-08-01,554,Namakkal,Tamil Nadu,low_depression,0.0,1.2912339947644766,0.0016849529942111,0.001789605354411,0.0004641860477295
2016-08-01,557,Ramanathapuram,Tamil Nadu,low_depression,0.0,1.2912339947644766,0.0016849529942111,0.001789605354411,0.0004641860477295
2016-08-01,236,Jamtara,Jharkhand,low_depression,0.0,1.2912339947644766,0.0016849529942111,0.001789605354411,0.0004641860477295
2016-08-01,665,Hardoi,Uttar Pradesh,low_depression,0.0,1.2912339947644766,0.0016849529942111,0.001789605354411,0.0004641860477295
2016-08-01,574,Kallakurichi,Tamil Nadu,low_depression,0.0,1.2912339947644766,0.0016849529942111,0.001789605354411,0.0004641860477295
2016-08-01,575,Chengalpattu,Tamil Nadu,low_depression,0.0,1.2912339947644766,0.0016849529942111,0.001789605354411,0.0004641860477295
2016-08-01,227,Deoghar,Jharkhand,low_depression,0.0,1.2912339947644766,0.0016849529942111,0.001789605354411,0.0004641860477295
2016-08-01,577,Tirupathur,Tamil Nadu,low_depression,0.0,1.2912339947644766,0.0016849529942111,0.001789605354411,0.0004641860477295
2016-08-01,578,Tenkasi,Tamil Nadu,low_depression,0.0,1.2912339947644766,0.0016849529942111,0.001789605354411,0.0004641860477295
2016-08-01,58,Marigaon,Assam,low_depression,0.0,1.2912339947644766,0.0016849529942111,0.001789605354411,0.0004641860477295
2016-08-01,581,South Tripura,Tripura,low_depression,0.0,1.2912339947644766,0.0016849529942111,0.001789605354411,0.0004641860477295
2016-08-01,233,Godda,Jharkhand,low_depression,0.0,1.2912339947644766,0.0016849529942111,0.001789605354411,0.0004641860477295
2016-08-01,656,Farrukhabad,Uttar Pradesh,low_depression,0.0,1.2912339947644766,0.0016849529942111,0.001789605354411,0.0004641860477295
2016-08-01,582,West Tripura,Tripura,low_depression,0.0,1.2912339947644766,0.0016849529942111,0.001789605354411,0.0004641860477295
2016-08-01,584,Sepahijala,Tripura,low_depression,0.0,1.2912339947644766,0.0016849529942111,0.001789605354411,0.0004641860477295
2016-08-01,237,Koderma,Jharkhand,low_depression,0.0,1.2912339947644766,0.0016849529942111,0.001789605354411,0.0004641860477295
2016-08-01,572,Ariyalur,Tamil Nadu,low_depression,0.0,1.2912339947644766,0.0016849529942111,0.001789605354411,0.0004641860477295
2016-08-01,585,Gomati,Tripura,low_depression,0.0,1.2912339947644766,0.0016849529942111,0.001789605354411,0.0004641860477295
2016-08-01,592,Medak,Telangana,low_depression,0.0,1.2912339947644766,0.0016849529942111,0.001789605354411,0.0004641860477295
2016-08-01,6,Y.S.R.,Andhra Pradesh,low_depression,0.0,1.2912339947644766,0.0016849529942111,0.001789605354411,0.0004641860477295
2016-08-01,243,Sahebganj,Jharkhand,low_depression,0.0,1.2912339947644766,0.0016849529942111,0.001789605354411,0.0004641860477295
2016-08-01,245,Simdega,Jharkhand,low_depression,0.0,1.2912339947644766,0.0016849529942111,0.001789605354411,0.0004641860477295
2016-08-01,297,Ramanagara,Karnataka,low_depression,0.0,1.2912339947644766,0.0016849529942111,0.001789605354411,0.0004641860477295
2016-08-01,296,Chikkaballapura,Karnataka,low_depression,0.0,1.2912339947644766,0.0016849529942111,0.001789605354411,0.0004641860477295
2016-08-01,608,Sangareddy,Telangana,low_depression,0.0,1.2912339947644766,0.0016849529942111,0.001789605354411,0.0004641860477295
2016-08-01,287,Kolar,Karnataka,low_depression,0.0,1.2912339947644766,0.0016849529942111,0.001789605354411,0.0004641860477295
2016-08-01,617,Medchal Malkajgiri,Telangana,low_depression,0.0,1.2912339947644766,0.0016849529942111,0.001789605354411,0.0004641860477295
2016-08-01,271,Bengaluru Rural,Karnataka,low_depression,0.0,1.2912339947644766,0.0016849529942111,0.001789605354411,0.0004641860477295
2016-08-01,270,Bengaluru Urban,Karnataka,low_depression,0.0,1.2912339947644766,0.0016849529942111,0.001789605354411,0.0004641860477295
2016-08-01,219,Sirsa,Haryana,low_depression,0.0,1.2912339947644766,0.0016849529942111,0.001789605354411,0.0004641860477295
2016-08-01,576,Ranipet,Tamil Nadu,low_depression,0.0,1.2912339947644766,0.0016849529942111,0.001789605354411,0.0004641860477295
2016-08-01,567,Tiruvannamalai,Tamil Nadu,low_depression,0.0,1.2912339947644766,0.0016849529942111,0.001789605354411,0.0004641860477295
2016-08-01,570,Villupuram,Tamil Nadu,low_depression,0.0,1.2912339947644766,0.0016849529942111,0.001789605354411,0.0004641860477295
2016-08-01,563,Thiruvallur,Tamil Nadu,low_depression,0.0,1.2912339947644766,0.0016849529942111,0.001789605354411,0.0004641860477295
2016-08-01,560,Thanjavur,Tamil Nadu,low_depression,0.0,1.2912339947644766,0.0016849529942111,0.001789605354411,0.0004641860477295
2016-08-01,564,Thiruvarur,Tamil Nadu,low_depression,0.0,1.2912339947644766,0.0016849529942111,0.001789605354411,0.0004641860477295
2016-08-01,565,Tiruchirappalli,Tamil Nadu,low_depression,0.0,1.2912339947644766,0.0016849529942111,0.001789605354411,0.0004641860477295
2016-08-01,559,Sivaganga,Tamil Nadu,low_depression,0.0,1.2912339947644766,0.0016849529942111,0.001789605354411,0.0004641860477295
2016-08-01,202,Una,Himachal Pradesh,low_depression,0.0,1.2912339947644766,0.0016849529942111,0.001789605354411,0.0004641860477295
2016-08-01,568,Tuticorin,Tamil Nadu,low_depression,0.0,1.2912339947644766,0.0016849529942111,0.001789605354411,0.0004641860477295
2016-08-01,206,Fatehabad,Haryana,low_depression,0.0,1.2912339947644766,0.0016849529942111,0.001789605354411,0.0004641860477295
2016-08-01,208,Hisar,Haryana,low_depression,0.0,1.2912339947644766,0.0016849529942111,0.001789605354411,0.0004641860477295
2016-08-01,672,Kanpur Nagar,Uttar Pradesh,low_depression,0.0,1.2912339947644766,0.0016849529942111,0.001789605354411,0.0004641860477295
2016-08-01,569,Vellore,Tamil Nadu,low_depression,0.0,1.2912339947644766,0.0016849529942111,0.001789605354411,0.0004641860477295
2016-08-01,670,Kannauj,Uttar Pradesh,low_depression,0.0,1.2912339947644766,0.0016849529942111,0.001789605354411,0.0004641860477295
2016-08-01,558,Salem,Tamil Nadu,low_depression,0.0,1.2912339947644766,0.0016849529942111,0.001789605354411,0.0004641860477295
2016-08-01,210,Jind,Haryana,low_depression,0.0,1.2912339947644766,0.0016849529942111,0.001789605354411,0.0004641860477295
2016-08-01,688,Pilibhit,Uttar Pradesh,low_depression,0.0,1.2912339947644766,0.0016849529942111,0.001789605354411,0.0004641860477295
2016-08-01,571,Virudhunagar,Tamil Nadu,low_depression,0.0,1.2912339947644766,0.0016849529942111,0.001789605354411,0.0004641860477295
2016-08-01,460,Jagatsinghapur,Odisha,low_depression,0.55,1.2075361077602065,0.0056617917497851,0.001789605354411,0.0004641860477295
2016-08-01,637,Auraiya,Uttar Pradesh,low_depression,0.55,1.2075361077602065,0.0056617917497851,0.001789605354411,0.0004641860477295
2016-08-01,640,Bahraich,Uttar Pradesh,low_depression,0.8714285714285713,1.1219695363965043,0.0110250370947674,0.001789605354411,0.0004641860477295
2016-08-01,356,West Garo Hills,Meghalaya,low_depression,0.2249999999999999,1.021460630435962,0.0013853091991928,0.001789605354411,0.0004641860477295
2016-08-01,631,Udam Singh Nagar,Uttarakhand,low_depression,0.16,0.9201908304127278,0.0013853091991928,0.001789605354411,0.0004641860477295
2016-08-01,691,Rampur,Uttar Pradesh,low_depression,0.16,0.9201908304127278,0.0013853091991928,0.001789605354411,0.0004641860477295
2016-08-01,293,Tumakuru,Karnataka,low_depression,0.0083333333333333,0.7976032296974739,0.0014444845837083,0.001789605354411,0.0004641860477295
2016-08-01,124,Mahasamund,Chhattisgarh,low_depression,0.0857142857142857,0.6303799448378142,0.0013853091991928,0.001789605354411,0.0004641860477295
2016-08-01,134,Gariyaband,Chhattisgarh,low_depression,0.0857142857142857,0.6303799448378142,0.0013853091991928,0.001789605354411,0.0004641860477295
2016-08-01,20,East Siang,Arunanchal Pradesh,low_depression,0.1666666666666666,0.5893501643818537,0.0013853091991928,0.001789605354411,0.0004641860477295
2016-08-01,126,Raipur,Chhattisgarh,low_depression,0.1666666666666666,0.5893501643818537,0.0013853091991928,0.001789605354411,0.0004641860477295
2016-08-01,138,Balrampur,Chhattisgarh,low_depression,0.0909090909090909,0.4858680450563712,0.0026607001418944,0.001789605354411,0.0004641860477295
2016-08-01,653,Etah,Uttar Pradesh,low_depression,0.04,0.4413071038494949,0.0027742042531573,0.001789605354411,0.0004641860477295
2016-08-01,711,Purba Bardhaman,West Bengal,low_depression,0.04,0.4413071038494949,0.0027742042531573,0.001789605354411,0.0004641860477295
2016-08-01,602,Kamareddy,Telangana,low_depression,0.04,0.4413071038494949,0.0027742042531573,0.001789605354411,0.0004641860477295
2016-08-01,288,Koppal,Karnataka,low_depression,0.0875,0.4408948663460023,0.0026607001418944,0.001789605354411,0.0004641860477295
2016-08-01,562,Theni,Tamil Nadu,low_depression,0.0333333333333333,0.4278311840592555,0.0015267311036236,0.001789605354411,0.0004641860477295
2016-08-01,298,Yadgir,Karnataka,low_depression,0.0333333333333333,0.4278311840592555,0.0015267311036236,0.001789605354411,0.0004641860477295
2016-08-01,485,Hoshiarpur,Punjab,low_depression,0.0333333333333333,0.4278311840592555,0.0015267311036236,0.001789605354411,0.0004641860477295
2016-08-01,499,Fazilka,Punjab,low_depression,0.0333333333333333,0.4278311840592555,0.0015267311036236,0.001789605354411,0.0004641860477295
2016-08-01,487,Kapurthala,Punjab,low_depression,0.0333333333333333,0.4278311840592555,0.0015267311036236,0.001789605354411,0.0004641860477295
2016-08-01,442,Phek,Nagaland,low_depression,0.0333333333333333,0.4278311840592555,0.0015267311036236,0.001789605354411,0.0004641860477295
2016-08-01,211,Kaithal,Haryana,low_depression,0.0333333333333333,0.4278311840592555,0.0015267311036236,0.001789605354411,0.0004641860477295
2016-08-01,314,Kargil,Ladakh,low_depression,0.0285714285714285,0.2883900695270594,0.0015267311036236,0.001789605354411,0.0004641860477295
2016-08-01,197,Lahul And Spiti,Himachal Pradesh,low_depression,0.0277777777777777,0.2752706803298658,0.0015267311036236,0.001789605354411,0.0004641860477295
2016-08-01,16,West Godavari,Andhra Pradesh,low_depression,0.0454545454545454,0.1505762778450189,0.0027022824254565,0.001789605354411,0.0004641860477295
