district_id,district,state,gefs_mm,gefs_sqrt,month,doy,regime_label,rg_active_monsoon,rg_break_monsoon,rg_coastal_rainfall,rg_low_depression,rg_quiet,rg_western_disturbance,pred_regime_feat,P_heavy,P_very_heavy,P_extremely_heavy,date,regime_confidence,global_regime
10,Kurnool,Andhra Pradesh,0.13,0.36115757,9,271,quiet,0,0,0,0,1,0,1.71,0.0314,0.0018,0.0005,2026-09-28,0.6,quiet
100,Purbi Champaran,Bihar,2.46,1.5692356,9,271,quiet,0,0,0,0,1,0,5.19,0.0098,0.0018,0.0005,2026-09-28,0.6,quiet
101,Purnia,Bihar,0.21,0.45643547,9,271,quiet,0,0,0,0,1,0,2.32,0.0316,0.0018,0.0005,2026-09-28,0.6,quiet
102,Rohtas,Bihar,1.06,1.0307764,9,271,quiet,0,0,0,0,1,0,4.93,0.012,0.0025,0.0005,2026-09-28,0.6,quiet
103,Saharsa,Bihar,4.12,2.0310097,9,271,quiet,0,0,0,0,1,0,4.22,0.0229,0.0112,0.0005,2026-09-28,0.6,quiet
104,Samastipur,Bihar,7.7,2.7754505,9,271,quiet,0,0,0,0,1,0,9.79,0.0297,0.0375,0.0005,2026-09-28,0.6,quiet
105,Saran,Bihar,0.2,0.4472136,9,271,quiet,0,0,0,0,1,0,2.8,0.0316,0.0018,0.0005,2026-09-28,0.6,quiet
106,Sheikhpura,Bihar,0.38,0.61237246,9,271,quiet,0,0,0,0,1,0,6.16,0.0299,0.0018,0.0005,2026-09-28,0.6,quiet
107,Sheohar,Bihar,4.5,2.1213202,9,271,quiet,0,0,0,0,1,0,19.46,0.0131,0.0059,0.0005,2026-09-28,0.65,quiet
108,Sitamarhi,Bihar,7.04,2.6536138,9,271,quiet,0,0,0,0,1,0,10.27,0.078,0.0294,0.0005,2026-09-28,0.6,quiet
109,Siwan,Bihar,0.0,0.0,9,271,quiet,0,0,0,0,1,0,1.94,0.0315,0.0018,0.0005,2026-09-28,0.6,quiet
11,Spsr Nellore,Andhra Pradesh,1.09,1.0424997,9,271,quiet,0,0,0,0,1,0,6.68,0.012,0.0025,0.0005,2026-09-28,0.6,quiet
110,Supaul,Bihar,0.23,0.47871357,9,271,quiet,0,0,0,0,1,0,1.7,0.0316,0.0018,0.0005,2026-09-28,0.6,quiet
111,Vaishali,Bihar,2.9,1.7017148,9,271,quiet,0,0,0,0,1,0,7.49,0.0099,0.0023,0.0005,2026-09-28,0.6,quiet
112,Arwal,Bihar,0.0,0.0,9,271,quiet,0,0,0,0,1,0,1.94,0.0315,0.0018,0.0005,2026-09-28,0.6,quiet
113,Bastar,Chhattisgarh,0.96,0.978945,9,271,quiet,0,0,0,0,1,0,6.63,0.0558,0.0018,0.0005,2026-09-28,0.6,quiet
114,Bilaspur,Chhattisgarh,2.79,1.6708281,9,271,quiet,0,0,0,0,1,0,2.06,0.0095,0.0023,0.0005,2026-09-28,0.6,quiet
115,Dantewada,Chhattisgarh,0.61,0.78062475,9,271,quiet,0,0,0,0,1,0,7.51,0.028,0.0018,0.0005,2026-09-28,0.6,quiet
116,Dhamtari,Chhattisgarh,2.67,1.6329932,9,271,quiet,0,0,0,0,1,0,3.68,0.0089,0.0018,0.0005,2026-09-28,0.6,quiet
117,Durg,Chhattisgarh,2.03,1.4252193,9,271,quiet,0,0,0,0,1,0,3.05,0.0055,0.0018,0.0005,2026-09-28,0.6,quiet
118,Janjgir-Champa,Chhattisgarh,1.47,1.21192,9,271,quiet,0,0,0,0,1,0,9.58,0.0045,0.0018,0.0005,2026-09-28,0.6,quiet
119,Jashpur,Chhattisgarh,0.6,0.7745967,9,271,quiet,0,0,0,0,1,0,3.09,0.028,0.0018,0.0005,2026-09-28,0.6,quiet
12,Prakasam,Andhra Pradesh,0.19,0.43898556,9,271,quiet,0,0,0,0,1,0,3.34,0.0316,0.0018,0.0005,2026-09-28,0.6,quiet
120,Kanker,Chhattisgarh,1.65,1.2829003,9,271,coastal_rainfall,0,0,0,0,1,0,25.26,0.0045,0.0018,0.0005,2026-09-28,0.85,quiet
121,Kabirdham,Chhattisgarh,0.36,0.6038074,9,271,quiet,0,0,0,0,1,0,4.34,0.0299,0.0018,0.0005,2026-09-28,0.6,quiet
122,Korba,Chhattisgarh,1.39,1.1792476,9,271,quiet,0,0,0,0,1,0,4.83,0.0045,0.0018,0.0005,2026-09-28,0.6,quiet
123,Korea,Chhattisgarh,1.69,1.3012233,9,271,quiet,0,0,0,0,1,0,4.87,0.0068,0.0018,0.0005,2026-09-28,0.6,quiet
124,Mahasamund,Chhattisgarh,2.78,1.666369,9,271,quiet,0,0,0,0,1,0,2.99,0.0095,0.0023,0.0005,2026-09-28,0.6,quiet
125,Raigarh,Chhattisgarh,0.95,0.9770084,9,271,quiet,0,0,0,0,1,0,6.1,0.0357,0.0018,0.0005,2026-09-28,0.6,quiet
126,Raipur,Chhattisgarh,4.21,2.0514224,9,271,coastal_rainfall,0,0,0,0,1,0,15.94,0.0145,0.0059,0.0005,2026-09-28,0.85,quiet
127,Rajnandgaon,Chhattisgarh,1.31,1.142913,9,271,quiet,0,0,0,0,1,0,4.7,0.0045,0.0018,0.0005,2026-09-28,0.6,quiet
128,Surguja,Chhattisgarh,0.72,0.85146934,9,271,quiet,0,0,0,0,1,0,6.59,0.0216,0.0018,0.0005,2026-09-28,0.6,quiet
129,Bijapur,Chhattisgarh,0.65,0.80363756,9,271,quiet,0,0,0,0,1,0,4.55,0.028,0.0018,0.0005,2026-09-28,0.6,quiet
13,Srikakulam,Andhra Pradesh,1.38,1.176405,9,271,quiet,0,0,0,0,1,0,7.79,0.0045,0.0018,0.0005,2026-09-28,0.6,quiet
130,Narayanpur,Chhattisgarh,1.43,1.194606,9,271,quiet,0,0,0,0,1,0,5.09,0.0045,0.0018,0.0005,2026-09-28,0.6,quiet
131,Sukma,Chhattisgarh,0.32,0.5669467,9,271,quiet,0,0,0,0,1,0,4.79,0.0299,0.0018,0.0005,2026-09-28,0.6,quiet
132,Kondagaon,Chhattisgarh,1.32,1.1486707,9,271,quiet,0,0,0,0,1,0,5.3,0.0045,0.0018,0.0005,2026-09-28,0.6,quiet
133,Baloda Bazar,Chhattisgarh,3.31,1.8200275,9,271,quiet,0,0,0,0,1,0,3.21,0.0108,0.0023,0.0005,2026-09-28,0.6,quiet
134,Gariyaband,Chhattisgarh,2.22,1.4910448,9,271,quiet,0,0,0,0,1,0,7.95,0.0056,0.0018,0.0005,2026-09-28,0.6,quiet
135,Balod,Chhattisgarh,1.2,1.0944937,9,271,quiet,0,0,0,0,1,0,10.15,0.0064,0.0018,0.0005,2026-09-28,0.6,quiet
136,Mungeli,Chhattisgarh,0.48,0.69221866,9,271,quiet,0,0,0,0,1,0,5.53,0.0258,0.0018,0.0005,2026-09-28,0.6,quiet
137,Surajpur,Chhattisgarh,1.66,1.2899854,9,271,quiet,0,0,0,0,1,0,27.3,0.0068,0.0018,0.0005,2026-09-28,0.65,quiet
138,Balrampur,Chhattisgarh,0.7,0.83937204,9,271,quiet,0,0,0,0,1,0,4.7,0.0384,0.0018,0.0005,2026-09-28,0.6,quiet
139,Bemetara,Chhattisgarh,0.38,0.61237246,9,271,quiet,0,0,0,0,1,0,6.16,0.0299,0.0018,0.0005,2026-09-28,0.6,quiet
14,Visakhapatanam,Andhra Pradesh,0.4,0.63574106,9,271,quiet,0,0,0,0,1,0,5.97,0.0299,0.0018,0.0005,2026-09-28,0.6,quiet
140,Gaurella Pendra Marwahi,Chhattisgarh,3.03,1.7410486,9,271,quiet,0,0,0,0,1,0,11.53,0.0099,0.0023,0.0005,2026-09-28,0.6,quiet
141,Chandigarh,Chandigarh,0.06,0.25,9,271,quiet,0,0,0,0,1,0,4.78,0.0314,0.0018,0.0005,2026-09-28,0.6,quiet
148,North East,Delhi,3.38,1.8371173,9,271,quiet,0,0,0,0,1,0,4.61,0.0112,0.0023,0.0005,2026-09-28,0.6,quiet
149,North West,Delhi,0.5,0.70710677,9,271,quiet,0,0,0,0,1,0,5.89,0.0266,0.0018,0.0005,2026-09-28,0.6,quiet
15,Vizianagaram,Andhra Pradesh,0.37,0.60596,9,271,quiet,0,0,0,0,1,0,4.58,0.0299,0.0018,0.0005,2026-09-28,0.6,quiet
153,South East,Delhi,0.38,0.61237246,9,271,quiet,0,0,0,0,1,0,6.16,0.0299,0.0018,0.0005,2026-09-28,0.6,quiet
155,Dadra And Nagar Haveli,Dadra & Nagar Havelli and Daman & Diu,0.0,0.0,9,271,quiet,0,0,0,0,1,0,1.94,0.0315,0.0018,0.0005,2026-09-28,0.6,quiet
156,North Goa,Goa,0.09,0.30618623,9,271,quiet,0,0,0,0,1,0,1.2,0.0314,0.0018,0.0005,2026-09-28,0.6,quiet
157,South Goa,Goa,0.02,0.14433756,9,271,quiet,0,0,0,0,1,0,3.07,0.0314,0.0018,0.0005,2026-09-28,0.6,quiet
158,Ahmadabad,Gujarat,0.0,0.0,9,271,quiet,0,0,0,0,1,0,1.94,0.0315,0.0018,0.0005,2026-09-28,0.6,quiet
159,Amreli,Gujarat,0.0,0.0,9,271,quiet,0,0,0,0,1,0,1.94,0.0315,0.0018,0.0005,2026-09-28,0.6,quiet
16,West Godavari,Andhra Pradesh,0.06,0.25,9,271,quiet,0,0,0,0,1,0,4.78,0.0314,0.0018,0.0005,2026-09-28,0.6,quiet
160,Anand,Gujarat,0.0,0.0,9,271,quiet,0,0,0,0,1,0,1.94,0.0315,0.0018,0.0005,2026-09-28,0.6,quiet
161,Banas Kantha,Gujarat,0.06,0.25,9,271,quiet,0,0,0,0,1,0,4.78,0.0314,0.0018,0.0005,2026-09-28,0.6,quiet
162,Bharuch,Gujarat,0.01,0.088388346,9,271,quiet,0,0,0,0,1,0,1.39,0.0314,0.0018,0.0005,2026-09-28,0.6,quiet
163,Bhavnagar,Gujarat,0.0,0.0,9,271,quiet,0,0,0,0,1,0,1.94,0.0315,0.0018,0.0005,2026-09-28,0.6,quiet
164,Dang,Gujarat,0.02,0.14433756,9,271,quiet,0,0,0,0,1,0,3.07,0.0314,0.0018,0.0005,2026-09-28,0.6,quiet
165,Dohad,Gujarat,0.0,0.0,9,271,quiet,0,0,0,0,1,0,1.94,0.0315,0.0018,0.0005,2026-09-28,0.6,quiet
166,Gandhinagar,Gujarat,0.06,0.25,9,271,quiet,0,0,0,0,1,0,4.78,0.0314,0.0018,0.0005,2026-09-28,0.6,quiet
167,Jamnagar,Gujarat,0.0,0.0,9,271,quiet,0,0,0,0,1,0,1.94,0.0315,0.0018,0.0005,2026-09-28,0.6,quiet
168,Junagadh,Gujarat,0.0,0.0,9,271,quiet,0,0,0,0,1,0,1.94,0.0315,0.0018,0.0005,2026-09-28,0.6,quiet
169,Kachchh,Gujarat,0.03,0.1782198,9,271,quiet,0,0,0,0,1,0,1.58,0.0314,0.0018,0.0005,2026-09-28,0.6,quiet
17,Changlang,Arunanchal Pradesh,2.8,1.6747202,9,271,quiet,0,0,0,0,1,0,2.12,0.0095,0.0023,0.0005,2026-09-28,0.6,quiet
170,Kheda,Gujarat,0.0,0.0,9,271,quiet,0,0,0,0,1,0,1.94,0.0315,0.0018,0.0005,2026-09-28,0.6,quiet
171,Mahesana,Gujarat,0.07,0.26726124,9,271,quiet,0,0,0,0,1,0,3.95,0.0314,0.0018,0.0005,2026-09-28,0.6,quiet
172,Narmada,Gujarat,0.02,0.125,9,271,quiet,0,0,0,0,1,0,1.92,0.0314,0.0018,0.0005,2026-09-28,0.6,quiet
173,Navsari,Gujarat,0.12,0.35355338,9,271,quiet,0,0,0,0,1,0,1.89,0.0314,0.0018,0.0005,2026-09-28,0.6,quiet
174,Panch Mahals,Gujarat,0.0,0.0,9,271,quiet,0,0,0,0,1,0,1.94,0.0315,0.0018,0.0005,2026-09-28,0.6,quiet
175,Patan,Gujarat,0.01,0.09449112,9,271,quiet,0,0,0,0,1,0,2.08,0.0314,0.0018,0.0005,2026-09-28,0.6,quiet
176,Porbandar,Gujarat,0.04,0.19364917,9,271,quiet,0,0,0,0,1,0,4.72,0.0314,0.0018,0.0005,2026-09-28,0.6,quiet
177,Rajkot,Gujarat,0.0,0.0,9,271,quiet,0,0,0,0,1,0,1.94,0.0315,0.0018,0.0005,2026-09-28,0.6,quiet
178,Sabar Kantha,Gujarat,0.12,0.35355338,9,271,quiet,0,0,0,0,1,0,1.89,0.0314,0.0018,0.0005,2026-09-28,0.6,quiet
179,Surat,Gujarat,0.06,0.25,9,271,quiet,0,0,0,0,1,0,4.78,0.0314,0.0018,0.0005,2026-09-28,0.6,quiet
18,Dibang Valley,Arunanchal Pradesh,1.14,1.0655593,9,271,quiet,0,0,0,0,1,0,3.78,0.0154,0.0025,0.0005,2026-09-28,0.6,quiet
180,Surendranagar,Gujarat,0.0,0.0,9,271,quiet,0,0,0,0,1,0,1.94,0.0315,0.0018,0.0005,2026-09-28,0.6,quiet
181,Vadodara,Gujarat,0.01,0.10206208,9,271,quiet,0,0,0,0,1,0,3.46,0.0314,0.0018,0.0005,2026-09-28,0.6,quiet
182,Valsad,Gujarat,0.08,0.2795085,9,271,quiet,0,0,0,0,1,0,1.56,0.0314,0.0018,0.0005,2026-09-28,0.6,quiet
183,Tapi,Gujarat,0.03,0.17677669,9,271,quiet,0,0,0,0,1,0,1.55,0.0314,0.0018,0.0005,2026-09-28,0.6,quiet
184,Chhotaudepur,Gujarat,0.04,0.20412415,9,271,quiet,0,0,0,0,1,0,0.52,0.0314,0.0018,0.0005,2026-09-28,0.6,quiet
185,Mahisagar,Gujarat,0.0,0.0,9,271,quiet,0,0,0,0,1,0,1.94,0.0315,0.0018,0.0005,2026-09-28,0.6,quiet
186,Arvalli,Gujarat,0.05,0.2236068,9,271,quiet,0,0,0,0,1,0,1.59,0.0314,0.0018,0.0005,2026-09-28,0.6,quiet
187,Morbi,Gujarat,0.0,0.0,9,271,quiet,0,0,0,0,1,0,1.94,0.0315,0.0018,0.0005,2026-09-28,0.6,quiet
188,Devbhumi Dwarka,Gujarat,0.01,0.09449112,9,271,quiet,0,0,0,0,1,0,2.08,0.0314,0.0018,0.0005,2026-09-28,0.6,quiet
189,Gir Somnath,Gujarat,0.07,0.27003086,9,271,quiet,0,0,0,0,1,0,4.21,0.0314,0.0018,0.0005,2026-09-28,0.6,quiet
19,East Kameng,Arunanchal Pradesh,3.65,1.9109646,9,271,quiet,0,0,0,0,1,0,19.28,0.0112,0.0023,0.0005,2026-09-28,0.65,quiet
190,Botad,Gujarat,0.0,0.0,9,271,quiet,0,0,0,0,1,0,1.94,0.0315,0.0018,0.0005,2026-09-28,0.6,quiet
191,Bilaspur,Himachal Pradesh,5.62,2.3717082,9,271,orographic_rainfall,0,0,0,0,1,0,18.86,0.0265,0.0059,0.0005,2026-09-28,0.87,quiet
192,Chamba,Himachal Pradesh,2.5,1.5811388,9,271,quiet,0,0,0,0,1,0,2.06,0.0098,0.0018,0.0005,2026-09-28,0.6,quiet
193,Hamirpur,Himachal Pradesh,4.22,2.0539596,9,271,orographic_rainfall,0,0,0,0,1,0,16.55,0.0145,0.0059,0.0005,2026-09-28,0.87,quiet
194,Kangra,Himachal Pradesh,3.18,1.7831678,9,271,quiet,0,0,0,0,1,0,4.09,0.0103,0.0023,0.0005,2026-09-28,0.6,quiet
195,Kinnaur,Himachal Pradesh,26.21,5.1198144,9,271,orographic_rainfall,0,0,0,0,1,0,21.57,0.0499,0.015,0.0019,2026-09-28,0.87,quiet
196,Kullu,Himachal Pradesh,4.79,2.1889875,9,271,quiet,0,0,0,0,1,0,7.85,0.008,0.0059,0.0005,2026-09-28,0.6,quiet
197,Lahul And Spiti,Himachal Pradesh,3.39,1.8399502,9,271,quiet,0,0,0,0,1,0,5.3,0.0112,0.003,0.0005,2026-09-28,0.6,quiet
198,Mandi,Himachal Pradesh,7.25,2.6925824,9,271,orographic_rainfall,0,0,0,0,1,0,24.89,0.0488,0.0294,0.0005,2026-09-28,0.87,quiet
199,Shimla,Himachal Pradesh,16.81,4.0994577,9,271,quiet,0,0,0,0,1,0,10.45,0.0408,0.0153,0.0005,2026-09-28,0.6,quiet
20,East Siang,Arunanchal Pradesh,4.79,2.1889875,9,271,quiet,0,0,0,0,1,0,7.85,0.008,0.0059,0.0005,2026-09-28,0.6,quiet
200,Sirmaur,Himachal Pradesh,18.49,4.2997093,9,271,quiet,0,0,0,0,1,0,9.91,0.0408,0.0219,0.0005,2026-09-28,0.6,quiet
201,Solan,Himachal Pradesh,3.46,1.8596594,9,271,quiet,0,0,0,0,1,0,8.69,0.0112,0.0023,0.0005,2026-09-28,0.6,quiet
202,Una,Himachal Pradesh,1.53,1.2374369,9,271,quiet,0,0,0,0,1,0,7.32,0.0045,0.0018,0.0005,2026-09-28,0.6,quiet
203,Ambala,Haryana,0.31,0.559017,9,271,quiet,0,0,0,0,1,0,5.73,0.0299,0.0018,0.0005,2026-09-28,0.6,quiet
204,Bhiwani,Haryana,0.0,0.0,9,271,quiet,0,0,0,0,1,0,1.94,0.0315,0.0018,0.0005,2026-09-28,0.6,quiet
206,Fatehabad,Haryana,0.02,0.125,9,271,quiet,0,0,0,0,1,0,1.92,0.0314,0.0018,0.0005,2026-09-28,0.6,quiet
207,Gurugram,Haryana,0.16,0.3952847,9,271,quiet,0,0,0,0,1,0,2.73,0.0316,0.0018,0.0005,2026-09-28,0.6,quiet
208,Hisar,Haryana,0.0,0.0,9,271,quiet,0,0,0,0,1,0,1.94,0.0315,0.0018,0.0005,2026-09-28,0.6,quiet
209,Jhajjar,Haryana,0.04,0.20412415,9,271,quiet,0,0,0,0,1,0,0.52,0.0314,0.0018,0.0005,2026-09-28,0.6,quiet
21,Kurung Kumey,Arunanchal Pradesh,6.88,2.6237242,9,271,quiet,0,0,0,0,1,0,11.04,0.0492,0.0294,0.0005,2026-09-28,0.6,quiet
210,Jind,Haryana,0.0,0.0,9,271,quiet,0,0,0,0,1,0,1.94,0.0315,0.0018,0.0005,2026-09-28,0.6,quiet
211,Kaithal,Haryana,0.0,0.0,9,271,quiet,0,0,0,0,1,0,1.94,0.0315,0.0018,0.0005,2026-09-28,0.6,quiet
212,Karnal,Haryana,0.75,0.8660254,9,271,quiet,0,0,0,0,1,0,7.67,0.0216,0.0018,0.0005,2026-09-28,0.6,quiet
213,Kurukshetra,Haryana,0.31,0.559017,9,271,quiet,0,0,0,0,1,0,5.73,0.0299,0.0018,0.0005,2026-09-28,0.6,quiet
214,Mahendragarh,Haryana,0.03,0.17677669,9,271,quiet,0,0,0,0,1,0,1.55,0.0314,0.0018,0.0005,2026-09-28,0.6,quiet
215,Panchkula,Haryana,0.62,0.7905694,9,271,orographic_rainfall,0,0,0,0,1,0,13.96,0.028,0.0018,0.0005,2026-09-28,0.87,quiet
216,Panipat,Haryana,1.19,1.0897248,9,271,quiet,0,0,0,0,1,0,11.18,0.0064,0.0018,0.0005,2026-09-28,0.6,quiet
217,Rewari,Haryana,0.0,0.0,9,271,quiet,0,0,0,0,1,0,1.94,0.0315,0.0018,0.0005,2026-09-28,0.6,quiet
218,Rohtak,Haryana,0.0,0.0,9,271,quiet,0,0,0,0,1,0,1.94,0.0315,0.0018,0.0005,2026-09-28,0.6,quiet
219,Sirsa,Haryana,0.23,0.47871357,9,271,quiet,0,0,0,0,1,0,1.7,0.0316,0.0018,0.0005,2026-09-28,0.6,quiet
22,Lohit,Arunanchal Pradesh,1.47,1.21192,9,271,quiet,0,0,0,0,1,0,9.58,0.0045,0.0018,0.0005,2026-09-28,0.6,quiet
220,Sonipat,Haryana,0.42,0.6454972,9,271,quiet,0,0,0,0,1,0,3.17,0.0299,0.0018,0.0005,2026-09-28,0.6,quiet
221,Yamunanagar,Haryana,5.21,2.2821774,9,271,quiet,0,0,0,0,1,0,11.57,0.0396,0.0059,0.0005,2026-09-28,0.6,quiet
222,Nuh,Haryana,0.25,0.5,9,271,quiet,0,0,0,0,1,0,3.42,0.0316,0.0018,0.0005,2026-09-28,0.6,quiet
223,Palwal,Haryana,0.14,0.375,9,271,quiet,0,0,0,0,1,0,1.95,0.0333,0.0018,0.0005,2026-09-28,0.6,quiet
224,Charki Dadri,Haryana,0.0,0.0,9,271,quiet,0,0,0,0,1,0,1.94,0.0315,0.0018,0.0005,2026-09-28,0.6,quiet
225,Bokaro,Jharkhand,0.0,0.0,9,271,quiet,0,0,0,0,1,0,1.94,0.0315,0.0018,0.0005,2026-09-28,0.6,quiet
226,Chatra,Jharkhand,0.1,0.3227486,9,271,quiet,0,0,0,0,1,0,1.62,0.0314,0.0018,0.0005,2026-09-28,0.6,quiet
227,Deoghar,Jharkhand,9.17,3.0276504,9,271,quiet,0,0,0,0,1,0,18.01,0.0241,0.0154,0.0005,2026-09-28,0.65,quiet
228,Dhanbad,Jharkhand,0.46,0.6770032,9,271,quiet,0,0,0,0,1,0,4.95,0.0258,0.0018,0.0005,2026-09-28,0.6,quiet
229,Dumka,Jharkhand,6.76,2.6004808,9,271,quiet,0,0,0,0,1,0,20.58,0.0396,0.0294,0.0005,2026-09-28,0.65,quiet
23,Lower Dibang Valley,Arunanchal Pradesh,3.05,1.74553,9,271,quiet,0,0,0,0,1,0,13.25,0.0099,0.0023,0.0005,2026-09-28,0.65,quiet
230,East Singhbum,Jharkhand,0.1,0.31622776,9,271,quiet,0,0,0,0,1,0,1.5,0.0314,0.0018,0.0005,2026-09-28,0.6,quiet
231,Garhwa,Jharkhand,1.31,1.145644,9,271,quiet,0,0,0,0,1,0,5.41,0.0045,0.0018,0.0005,2026-09-28,0.6,quiet
232,Giridih,Jharkhand,2.09,1.4442775,9,271,quiet,0,0,0,0,1,0,4.8,0.0055,0.0018,0.0005,2026-09-28,0.6,quiet
233,Godda,Jharkhand,1.06,1.0307764,9,271,quiet,0,0,0,0,1,0,4.93,0.012,0.0025,0.0005,2026-09-28,0.6,quiet
234,Gumla,Jharkhand,0.17,0.4082483,9,271,quiet,0,0,0,0,1,0,0.98,0.0316,0.0018,0.0005,2026-09-28,0.6,quiet
235,Hazaribagh,Jharkhand,0.0,0.0,9,271,quiet,0,0,0,0,1,0,1.94,0.0315,0.0018,0.0005,2026-09-28,0.6,quiet
236,Jamtara,Jharkhand,4.1,2.0258744,9,271,quiet,0,0,0,0,1,0,7.19,0.0214,0.0023,0.0005,2026-09-28,0.6,quiet
237,Koderma,Jharkhand,0.04,0.20412415,9,271,quiet,0,0,0,0,1,0,0.52,0.0314,0.0018,0.0005,2026-09-28,0.6,quiet
238,Latehar,Jharkhand,0.72,0.85146934,9,271,quiet,0,0,0,0,1,0,6.59,0.0216,0.0018,0.0005,2026-09-28,0.6,quiet
239,Lohardaga,Jharkhand,0.16,0.3952847,9,271,quiet,0,0,0,0,1,0,2.73,0.0316,0.0018,0.0005,2026-09-28,0.6,quiet
24,Lower Subansiri,Arunanchal Pradesh,5.69,2.384848,9,271,quiet,0,0,0,0,1,0,18.29,0.0265,0.0059,0.0005,2026-09-28,0.65,quiet
240,Pakur,Jharkhand,0.44,0.6614378,9,271,quiet,0,0,0,0,1,0,4.56,0.0298,0.0018,0.0005,2026-09-28,0.6,quiet
241,Palamu,Jharkhand,1.41,1.187735,9,271,quiet,0,0,0,0,1,0,3.49,0.0045,0.0018,0.0005,2026-09-28,0.6,quiet
242,Ranchi,Jharkhand,0.01,0.088388346,9,271,quiet,0,0,0,0,1,0,1.39,0.0314,0.0018,0.0005,2026-09-28,0.6,quiet
243,Sahebganj,Jharkhand,0.83,0.91287094,9,271,quiet,0,0,0,0,1,0,1.95,0.0216,0.0018,0.0005,2026-09-28,0.6,quiet
244,Saraikela Kharsawan,Jharkhand,0.0,0.0,9,271,quiet,0,0,0,0,1,0,1.94,0.0315,0.0018,0.0005,2026-09-28,0.6,quiet
245,Simdega,Jharkhand,0.27,0.5153882,9,271,quiet,0,0,0,0,1,0,4.69,0.0316,0.0018,0.0005,2026-09-28,0.6,quiet
246,West Singhbhum,Jharkhand,0.16,0.3952847,9,271,quiet,0,0,0,0,1,0,2.73,0.0316,0.0018,0.0005,2026-09-28,0.6,quiet
247,Khunti,Jharkhand,0.0,0.0,9,271,quiet,0,0,0,0,1,0,1.94,0.0315,0.0018,0.0005,2026-09-28,0.6,quiet
248,Ramgarh,Jharkhand,0.0,0.0,9,271,quiet,0,0,0,0,1,0,1.94,0.0315,0.0018,0.0005,2026-09-28,0.6,quiet
249,Anantnag,Jammu & Kashmir,0.6,0.7772816,9,271,quiet,0,0,0,0,1,0,3.08,0.028,0.0018,0.0005,2026-09-28,0.6,quiet
25,Papum Pare,Arunanchal Pradesh,4.14,2.0335724,9,271,quiet,0,0,0,0,1,0,3.49,0.0229,0.0112,0.0005,2026-09-28,0.6,quiet
250,Budgam,Jammu & Kashmir,0.96,0.978945,9,271,quiet,0,0,0,0,1,0,6.63,0.0558,0.0018,0.0005,2026-09-28,0.6,quiet
251,Baramulla,Jammu & Kashmir,0.46,0.6770032,9,271,quiet,0,0,0,0,1,0,4.95,0.0258,0.0018,0.0005,2026-09-28,0.6,quiet
252,Doda,Jammu & Kashmir,2.81,1.677051,9,271,quiet,0,0,0,0,1,0,3.71,0.0095,0.0023,0.0005,2026-09-28,0.6,quiet
253,Jammu,Jammu & Kashmir,0.08,0.2738613,9,271,quiet,0,0,0,0,1,0,3.19,0.0314,0.0018,0.0005,2026-09-28,0.6,quiet
254,Kathua,Jammu & Kashmir,2.41,1.5532224,9,271,quiet,0,0,0,0,1,0,5.01,0.0092,0.0018,0.0005,2026-09-28,0.6,quiet
255,Kupwara,Jammu & Kashmir,0.16,0.3952847,9,271,quiet,0,0,0,0,1,0,2.73,0.0316,0.0018,0.0005,2026-09-28,0.6,quiet
256,Poonch,Jammu & Kashmir,0.61,0.7826238,9,271,quiet,0,0,0,0,1,0,8.74,0.028,0.0018,0.0005,2026-09-28,0.6,quiet
257,Pulwama,Jammu & Kashmir,1.94,1.3919411,9,271,orographic_rainfall,0,0,0,0,1,0,12.84,0.0055,0.0018,0.0005,2026-09-28,0.87,quiet
258,Rajouri,Jammu & Kashmir,1.12,1.0606601,9,271,quiet,0,0,0,0,1,0,4.06,0.0154,0.0025,0.0005,2026-09-28,0.6,quiet
26,Tawang,Arunanchal Pradesh,0.25,0.5,9,271,quiet,0,0,0,0,1,0,3.42,0.0316,0.0018,0.0005,2026-09-28,0.6,quiet
260,Udhampur,Jammu & Kashmir,2.17,1.4719602,9,271,quiet,0,0,0,0,1,0,6.75,0.0056,0.0018,0.0005,2026-09-28,0.6,quiet
261,Kishtwar,Jammu & Kashmir,1.26,1.1232625,9,271,quiet,0,0,0,0,1,0,4.54,0.0045,0.0018,0.0005,2026-09-28,0.6,quiet
262,Ramban,Jammu & Kashmir,0.94,0.96824586,9,271,quiet,0,0,0,0,1,0,2.88,0.0357,0.0018,0.0005,2026-09-28,0.6,quiet
263,Kulgam,Jammu & Kashmir,1.94,1.3919411,9,271,orographic_rainfall,0,0,0,0,1,0,12.84,0.0055,0.0018,0.0005,2026-09-28,0.87,quiet
264,Bandipora,Jammu & Kashmir,0.04,0.20412415,9,271,quiet,0,0,0,0,1,0,0.52,0.0314,0.0018,0.0005,2026-09-28,0.6,quiet
265,Samba,Jammu & Kashmir,0.0,0.0,9,271,quiet,0,0,0,0,1,0,1.94,0.0315,0.0018,0.0005,2026-09-28,0.6,quiet
266,Shopian,Jammu & Kashmir,1.69,1.299038,9,271,orographic_rainfall,0,0,0,0,1,0,19.65,0.0068,0.0018,0.0005,2026-09-28,0.87,quiet
267,Ganderbal,Jammu & Kashmir,0.33,0.57735026,9,271,quiet,0,0,0,0,1,0,3.2,0.0299,0.0018,0.0005,2026-09-28,0.6,quiet
268,Reasi,Jammu & Kashmir,2.69,1.6393596,9,271,quiet,0,0,0,0,1,0,5.86,0.0122,0.0018,0.0005,2026-09-28,0.6,quiet
269,Bagalkote,Karnataka,0.54,0.7359801,9,271,quiet,0,0,0,0,1,0,1.17,0.032,0.0018,0.0005,2026-09-28,0.6,quiet
27,Tirap,Arunanchal Pradesh,3.69,1.9202864,9,271,quiet,0,0,0,0,1,0,8.47,0.0112,0.0023,0.0005,2026-09-28,0.6,quiet
270,Bengaluru Urban,Karnataka,0.03,0.17677669,9,271,quiet,0,0,0,0,1,0,1.55,0.0314,0.0018,0.0005,2026-09-28,0.6,quiet
271,Bengaluru Rural,Karnataka,0.02,0.14433756,9,271,quiet,0,0,0,0,1,0,3.07,0.0314,0.0018,0.0005,2026-09-28,0.6,quiet
272,Belagavi,Karnataka,0.49,0.6992643,9,271,quiet,0,0,0,0,1,0,5.3,0.0258,0.0018,0.0005,2026-09-28,0.6,quiet
273,Ballari,Karnataka,0.14,0.36927447,9,271,quiet,0,0,0,0,1,0,2.32,0.0333,0.0018,0.0005,2026-09-28,0.6,quiet
274,Bidar,Karnataka,0.0,0.0,9,271,quiet,0,0,0,0,1,0,1.94,0.0315,0.0018,0.0005,2026-09-28,0.6,quiet
275,Vijayapura,Karnataka,0.64,0.7989949,9,271,quiet,0,0,0,0,1,0,4.06,0.028,0.0018,0.0005,2026-09-28,0.6,quiet
276,Chamarajanagara,Karnataka,0.0,0.0,9,271,quiet,0,0,0,0,1,0,1.94,0.0315,0.0018,0.0005,2026-09-28,0.6,quiet
277,Chikkamagaluru,Karnataka,0.39,0.62749505,9,271,quiet,0,0,0,0,1,0,6.62,0.0299,0.0018,0.0005,2026-09-28,0.6,quiet
278,Chitradurga,Karnataka,0.01,0.07537784,9,271,quiet,0,0,0,0,1,0,1.8,0.0314,0.0018,0.0005,2026-09-28,0.6,quiet
279,Dakshina Kannada,Karnataka,0.21,0.4531635,9,271,quiet,0,0,0,0,1,0,2.76,0.0316,0.0018,0.0005,2026-09-28,0.6,quiet
28,Upper Siang,Arunanchal Pradesh,3.04,1.7440375,9,271,quiet,0,0,0,0,1,0,13.33,0.0099,0.0023,0.0005,2026-09-28,0.65,quiet
280,Davangere,Karnataka,0.03,0.16366342,9,271,quiet,0,0,0,0,1,0,1.67,0.0314,0.0018,0.0005,2026-09-28,0.6,quiet
281,Dharwad,Karnataka,0.06,0.25,9,271,quiet,0,0,0,0,1,0,4.78,0.0314,0.0018,0.0005,2026-09-28,0.6,quiet
282,Gadag,Karnataka,0.22,0.4677072,9,271,quiet,0,0,0,0,1,0,2.49,0.0316,0.0018,0.0005,2026-09-28,0.6,quiet
283,Kalaburagi,Karnataka,0.09,0.30276504,9,271,quiet,0,0,0,0,1,0,1.05,0.0314,0.0018,0.0005,2026-09-28,0.6,quiet
284,Hassan,Karnataka,0.32,0.5645795,9,271,quiet,0,0,0,0,1,0,4.87,0.0299,0.0018,0.0005,2026-09-28,0.6,quiet
285,Haveri,Karnataka,0.04,0.19364917,9,271,quiet,0,0,0,0,1,0,4.72,0.0314,0.0018,0.0005,2026-09-28,0.6,quiet
286,Kodagu,Karnataka,0.33,0.572822,9,271,quiet,0,0,0,0,1,0,2.74,0.0299,0.0018,0.0005,2026-09-28,0.6,quiet
287,Kolar,Karnataka,0.18,0.4208127,9,271,quiet,0,0,0,0,1,0,2.15,0.0316,0.0018,0.0005,2026-09-28,0.6,quiet
288,Koppal,Karnataka,0.36,0.59947896,9,271,quiet,0,0,0,0,1,0,5.06,0.0299,0.0018,0.0005,2026-09-28,0.6,quiet
289,Mandya,Karnataka,0.01,0.088388346,9,271,quiet,0,0,0,0,1,0,1.39,0.0314,0.0018,0.0005,2026-09-28,0.6,quiet
29,Upper Subansiri,Arunanchal Pradesh,4.88,2.20794,9,271,quiet,0,0,0,0,1,0,3.59,0.008,0.0059,0.0005,2026-09-28,0.6,quiet
290,Mysuru,Karnataka,0.04,0.21128857,9,271,quiet,0,0,0,0,1,0,0.47,0.0314,0.0018,0.0005,2026-09-28,0.6,quiet
291,Raichur,Karnataka,0.47,0.6846532,9,271,quiet,0,0,0,0,1,0,4.03,0.0258,0.0018,0.0005,2026-09-28,0.6,quiet
292,Shivamogga,Karnataka,0.04,0.199431,9,271,quiet,0,0,0,0,1,0,0.95,0.0314,0.0018,0.0005,2026-09-28,0.6,quiet
293,Tumakuru,Karnataka,0.02,0.14433756,9,271,quiet,0,0,0,0,1,0,3.07,0.0314,0.0018,0.0005,2026-09-28,0.6,quiet
294,Udupi,Karnataka,0.0,0.0,9,271,quiet,0,0,0,0,1,0,1.94,0.0315,0.0018,0.0005,2026-09-28,0.6,quiet
295,Uttara Kannada,Karnataka,0.15,0.38382474,9,271,quiet,0,0,0,0,1,0,2.04,0.0316,0.0018,0.0005,2026-09-28,0.6,quiet
296,Chikkaballapura,Karnataka,0.02,0.15811388,9,271,quiet,0,0,0,0,1,0,2.04,0.0314,0.0018,0.0005,2026-09-28,0.6,quiet
297,Ramanagara,Karnataka,0.0,0.0,9,271,quiet,0,0,0,0,1,0,1.94,0.0315,0.0018,0.0005,2026-09-28,0.6,quiet
298,Yadgir,Karnataka,0.48,0.69221866,9,271,quiet,0,0,0,0,1,0,5.53,0.0258,0.0018,0.0005,2026-09-28,0.6,quiet
299,Alappuzha,Kerala,0.03,0.17677669,9,271,quiet,0,0,0,0,1,0,1.55,0.0314,0.0018,0.0005,2026-09-28,0.6,quiet
30,West Kameng,Arunanchal Pradesh,3.7,1.9226098,9,271,quiet,0,0,0,0,1,0,9.87,0.0112,0.0023,0.0005,2026-09-28,0.6,quiet
300,Ernakulam,Kerala,0.06,0.25,9,271,quiet,0,0,0,0,1,0,4.78,0.0314,0.0018,0.0005,2026-09-28,0.6,quiet
301,Idukki,Kerala,0.03,0.17677669,9,271,quiet,0,0,0,0,1,0,1.55,0.0314,0.0018,0.0005,2026-09-28,0.6,quiet
302,Kannur,Kerala,0.08,0.2795085,9,271,quiet,0,0,0,0,1,0,1.56,0.0314,0.0018,0.0005,2026-09-28,0.6,quiet
303,Kasaragod,Kerala,0.0,0.0,9,271,quiet,0,0,0,0,1,0,1.94,0.0315,0.0018,0.0005,2026-09-28,0.6,quiet
304,Kollam,Kerala,0.03,0.17677669,9,271,quiet,0,0,0,0,1,0,1.55,0.0314,0.0018,0.0005,2026-09-28,0.6,quiet
305,Kottayam,Kerala,0.0,0.0,9,271,quiet,0,0,0,0,1,0,1.94,0.0315,0.0018,0.0005,2026-09-28,0.6,quiet
306,Kozhikode,Kerala,0.0,0.0,9,271,quiet,0,0,0,0,1,0,1.94,0.0315,0.0018,0.0005,2026-09-28,0.6,quiet
307,Malappuram,Kerala,0.01,0.10206208,9,271,quiet,0,0,0,0,1,0,3.46,0.0314,0.0018,0.0005,2026-09-28,0.6,quiet
308,Palakkad,Kerala,0.0,0.0,9,271,quiet,0,0,0,0,1,0,1.94,0.0315,0.0018,0.0005,2026-09-28,0.6,quiet
309,Pathanamthitta,Kerala,0.04,0.20412415,9,271,quiet,0,0,0,0,1,0,0.52,0.0314,0.0018,0.0005,2026-09-28,0.6,quiet
31,West Siang,Arunanchal Pradesh,5.56,2.3584952,9,271,quiet,0,0,0,0,1,0,12.46,0.0298,0.0059,0.0005,2026-09-28,0.65,quiet
310,Thiruvananthapuram,Kerala,0.04,0.20412415,9,271,quiet,0,0,0,0,1,0,0.52,0.0314,0.0018,0.0005,2026-09-28,0.6,quiet
311,Thrissur,Kerala,0.03,0.17677669,9,271,quiet,0,0,0,0,1,0,1.55,0.0314,0.0018,0.0005,2026-09-28,0.6,quiet
312,Wayanad,Kerala,0.0,0.0,9,271,quiet,0,0,0,0,1,0,1.94,0.0315,0.0018,0.0005,2026-09-28,0.6,quiet
314,Kargil,Ladakh,0.03,0.16366342,9,271,quiet,0,0,0,0,1,0,1.67,0.0314,0.0018,0.0005,2026-09-28,0.6,quiet
315,Leh Ladakh,Ladakh,0.69,0.8285406,9,271,quiet,0,0,0,0,1,0,4.76,0.0384,0.0018,0.0005,2026-09-28,0.6,quiet
316,Ahmednagar,Maharashtra,0.57,0.7556605,9,271,quiet,0,0,0,0,1,0,2.33,0.028,0.0018,0.0005,2026-09-28,0.6,quiet
317,Akola,Maharashtra,0.0,0.0,9,271,quiet,0,0,0,0,1,0,1.94,0.0315,0.0018,0.0005,2026-09-28,0.6,quiet
318,Amravati,Maharashtra,0.0,0.0,9,271,quiet,0,0,0,0,1,0,1.94,0.0315,0.0018,0.0005,2026-09-28,0.6,quiet
319,Aurangabad,Maharashtra,0.0,0.0,9,271,quiet,0,0,0,0,1,0,1.94,0.0315,0.0018,0.0005,2026-09-28,0.6,quiet
32,Anjaw,Arunanchal Pradesh,0.81,0.89791423,9,271,quiet,0,0,0,0,1,0,3.87,0.0216,0.0018,0.0005,2026-09-28,0.6,quiet
320,Beed,Maharashtra,0.3,0.5477226,9,271,quiet,0,0,0,0,1,0,3.71,0.0299,0.0018,0.0005,2026-09-28,0.6,quiet
321,Bhandara,Maharashtra,0.2,0.44487828,9,271,quiet,0,0,0,0,1,0,2.8,0.0316,0.0018,0.0005,2026-09-28,0.6,quiet
322,Buldhana,Maharashtra,0.0,0.0,9,271,quiet,0,0,0,0,1,0,1.94,0.0315,0.0018,0.0005,2026-09-28,0.6,quiet
323,Chandrapur,Maharashtra,0.02,0.13363062,9,271,quiet,0,0,0,0,1,0,2.02,0.0314,0.0018,0.0005,2026-09-28,0.6,quiet
324,Dhule,Maharashtra,0.0,0.0,9,271,quiet,0,0,0,0,1,0,1.94,0.0315,0.0018,0.0005,2026-09-28,0.6,quiet
325,Gadchiroli,Maharashtra,0.12,0.35355338,9,271,quiet,0,0,0,0,1,0,1.89,0.0314,0.0018,0.0005,2026-09-28,0.6,quiet
326,Gondia,Maharashtra,0.3,0.551985,9,271,quiet,0,0,0,0,1,0,3.55,0.0299,0.0018,0.0005,2026-09-28,0.6,quiet
327,Hingoli,Maharashtra,0.0,0.0,9,271,quiet,0,0,0,0,1,0,1.94,0.0315,0.0018,0.0005,2026-09-28,0.6,quiet
328,Jalgaon,Maharashtra,0.0,0.0,9,271,quiet,0,0,0,0,1,0,1.94,0.0315,0.0018,0.0005,2026-09-28,0.6,quiet
329,Jalna,Maharashtra,0.0,0.0,9,271,quiet,0,0,0,0,1,0,1.94,0.0315,0.0018,0.0005,2026-09-28,0.6,quiet
33,Longding,Arunanchal Pradesh,6.62,2.5739076,9,271,quiet,0,0,0,0,1,0,9.39,0.0396,0.0294,0.0005,2026-09-28,0.6,quiet
330,Kolhapur,Maharashtra,0.28,0.52704626,9,271,quiet,0,0,0,0,1,0,7.86,0.0316,0.0018,0.0005,2026-09-28,0.6,quiet
331,Latur,Maharashtra,0.0,0.0,9,271,quiet,0,0,0,0,1,0,1.94,0.0315,0.0018,0.0005,2026-09-28,0.6,quiet
333,Nagpur,Maharashtra,0.0,0.06454972,9,271,quiet,0,0,0,0,1,0,1.51,0.0315,0.0018,0.0005,2026-09-28,0.6,quiet
334,Nanded,Maharashtra,0.0,0.0,9,271,quiet,0,0,0,0,1,0,1.94,0.0315,0.0018,0.0005,2026-09-28,0.6,quiet
335,Nandurbar,Maharashtra,0.0,0.0,9,271,quiet,0,0,0,0,1,0,1.94,0.0315,0.0018,0.0005,2026-09-28,0.6,quiet
336,Nashik,Maharashtra,0.01,0.119182825,9,271,quiet,0,0,0,0,1,0,2.01,0.0314,0.0018,0.0005,2026-09-28,0.6,quiet
337,Osmanabad,Maharashtra,0.0,0.0,9,271,quiet,0,0,0,0,1,0,1.94,0.0315,0.0018,0.0005,2026-09-28,0.6,quiet
338,Parbhani,Maharashtra,0.0,0.0,9,271,quiet,0,0,0,0,1,0,1.94,0.0315,0.0018,0.0005,2026-09-28,0.6,quiet
339,Pune,Maharashtra,0.41,0.6412365,9,271,quiet,0,0,0,0,1,0,3.21,0.0299,0.0018,0.0005,2026-09-28,0.6,quiet
34,Kra Daadi,Arunanchal Pradesh,8.02,2.831188,9,271,quiet,0,0,0,0,1,0,4.6,0.0262,0.0154,0.0005,2026-09-28,0.6,quiet
340,Raigad,Maharashtra,0.14,0.37080994,9,271,quiet,0,0,0,0,1,0,2.45,0.0333,0.0018,0.0005,2026-09-28,0.6,quiet
341,Ratnagiri,Maharashtra,0.26,0.5112373,9,271,quiet,0,0,0,0,1,0,4.05,0.0316,0.0018,0.0005,2026-09-28,0.6,quiet
342,Sangli,Maharashtra,0.19,0.4330127,9,271,quiet,0,0,0,0,1,0,3.2,0.0316,0.0018,0.0005,2026-09-28,0.6,quiet
343,Satara,Maharashtra,1.06,1.0307764,9,271,quiet,0,0,0,0,1,0,4.93,0.012,0.0025,0.0005,2026-09-28,0.6,quiet
344,Sindhudurg,Maharashtra,0.19,0.44095856,9,271,quiet,0,0,0,0,1,0,3.5,0.0316,0.0018,0.0005,2026-09-28,0.6,quiet
345,Solapur,Maharashtra,0.37,0.60771555,9,271,quiet,0,0,0,0,1,0,5.42,0.0299,0.0018,0.0005,2026-09-28,0.6,quiet
346,Thane,Maharashtra,0.36,0.6038074,9,271,quiet,0,0,0,0,1,0,4.34,0.0299,0.0018,0.0005,2026-09-28,0.6,quiet
347,Wardha,Maharashtra,0.0,0.0,9,271,quiet,0,0,0,0,1,0,1.94,0.0315,0.0018,0.0005,2026-09-28,0.6,quiet
348,Washim,Maharashtra,0.0,0.0,9,271,quiet,0,0,0,0,1,0,1.94,0.0315,0.0018,0.0005,2026-09-28,0.6,quiet
349,Yavatmal,Maharashtra,0.0,0.0,9,271,quiet,0,0,0,0,1,0,1.94,0.0315,0.0018,0.0005,2026-09-28,0.6,quiet
35,Namsai,Arunanchal Pradesh,4.72,2.1722684,9,271,quiet,0,0,0,0,1,0,4.6,0.008,0.0059,0.0005,2026-09-28,0.6,quiet
350,Palghar,Maharashtra,0.13,0.36324158,9,271,quiet,0,0,0,0,1,0,1.65,0.0314,0.0018,0.0005,2026-09-28,0.6,quiet
351,East Garo Hills,Meghalaya,1.92,1.3844373,9,271,quiet,0,0,0,0,1,0,13.18,0.0055,0.0018,0.0005,2026-09-28,0.65,quiet
352,East Khasi Hills,Meghalaya,1.83,1.3520818,9,271,quiet,0,0,0,0,1,0,3.83,0.0055,0.0018,0.0005,2026-09-28,0.6,quiet
353,West Jaintia Hills,Meghalaya,2.81,1.677051,9,271,quiet,0,0,0,0,1,0,3.71,0.0095,0.0023,0.0005,2026-09-28,0.6,quiet
354,Ri Bhoi,Meghalaya,1.42,1.190238,9,271,quiet,0,0,0,0,1,0,3.55,0.0045,0.0018,0.0005,2026-09-28,0.6,quiet
355,South Garo Hills,Meghalaya,0.71,0.8416254,9,271,quiet,0,0,0,0,1,0,5.9,0.0216,0.0018,0.0005,2026-09-28,0.6,quiet
356,West Garo Hills,Meghalaya,2.52,1.5860722,9,271,quiet,0,0,0,0,1,0,4.22,0.0089,0.0018,0.0005,2026-09-28,0.6,quiet
357,West Khasi Hills,Meghalaya,1.12,1.0606601,9,271,quiet,0,0,0,0,1,0,4.06,0.0154,0.0025,0.0005,2026-09-28,0.6,quiet
359,East Jaintia Hills,Meghalaya,3.08,1.7559422,9,271,quiet,0,0,0,0,1,0,9.3,0.0099,0.0023,0.0005,2026-09-28,0.6,quiet
36,Siang,Arunanchal Pradesh,4.38,2.09165,9,271,quiet,0,0,0,0,1,0,25.79,0.0145,0.0059,0.0005,2026-09-28,0.65,quiet
360,South West Khasi Hills,Meghalaya,0.16,0.3952847,9,271,quiet,0,0,0,0,1,0,2.73,0.0316,0.0018,0.0005,2026-09-28,0.6,quiet
361,South West Garo Hills,Meghalaya,3.19,1.7853571,9,271,quiet,0,0,0,0,1,0,3.75,0.0103,0.0023,0.0005,2026-09-28,0.6,quiet
362,Bishnupur,Manipur,0.75,0.8660254,9,271,quiet,0,0,0,0,1,0,7.67,0.0216,0.0018,0.0005,2026-09-28,0.6,quiet
363,Chandel,Manipur,0.62,0.7905694,9,271,quiet,0,0,0,0,1,0,13.96,0.028,0.0018,0.0005,2026-09-28,0.65,quiet
364,Churachandpur,Manipur,0.5,0.70710677,9,271,quiet,0,0,0,0,1,0,5.89,0.0266,0.0018,0.0005,2026-09-28,0.6,quiet
367,Senapati,Manipur,1.38,1.172604,9,271,quiet,0,0,0,0,1,0,10.38,0.0045,0.0018,0.0005,2026-09-28,0.6,quiet
368,Tamenglong,Manipur,0.98,0.9874209,9,271,quiet,0,0,0,0,1,0,6.0,0.0558,0.0018,0.0005,2026-09-28,0.6,quiet
37,Kamle,Arunanchal Pradesh,7.22,2.686773,9,271,quiet,0,0,0,0,1,0,23.13,0.0488,0.0294,0.0005,2026-09-28,0.65,quiet
370,Ukhrul,Manipur,1.12,1.0606601,9,271,quiet,0,0,0,0,1,0,4.06,0.0154,0.0025,0.0005,2026-09-28,0.6,quiet
371,Kakching,Manipur,0.62,0.7905694,9,271,quiet,0,0,0,0,1,0,13.96,0.028,0.0018,0.0005,2026-09-28,0.65,quiet
372,Kangpokpi,Manipur,0.92,0.9601432,9,271,quiet,0,0,0,0,1,0,2.0,0.0357,0.0018,0.0005,2026-09-28,0.6,quiet
374,Noney,Manipur,1.12,1.0606601,9,271,quiet,0,0,0,0,1,0,4.06,0.0154,0.0025,0.0005,2026-09-28,0.6,quiet
375,Pherzawl,Manipur,0.44,0.6614378,9,271,quiet,0,0,0,0,1,0,4.56,0.0298,0.0018,0.0005,2026-09-28,0.6,quiet
376,Tengnoupal,Manipur,0.06,0.25,9,271,quiet,0,0,0,0,1,0,4.78,0.0314,0.0018,0.0005,2026-09-28,0.6,quiet
377,Kamjong,Manipur,0.79,0.88975656,9,271,quiet,0,0,0,0,1,0,3.87,0.0216,0.0018,0.0005,2026-09-28,0.6,quiet
378,Anuppur,Madhya Pradesh,1.29,1.1346806,9,271,quiet,0,0,0,0,1,0,4.02,0.0045,0.0018,0.0005,2026-09-28,0.6,quiet
379,Ashoknagar,Madhya Pradesh,0.04,0.20412415,9,271,quiet,0,0,0,0,1,0,0.52,0.0314,0.0018,0.0005,2026-09-28,0.6,quiet
38,Lower Siang,Arunanchal Pradesh,5.04,2.2453656,9,271,quiet,0,0,0,0,1,0,7.87,0.0355,0.0059,0.0005,2026-09-28,0.6,quiet
380,Balaghat,Madhya Pradesh,0.59,0.765858,9,271,quiet,0,0,0,0,1,0,3.67,0.028,0.0018,0.0005,2026-09-28,0.6,quiet
381,Barwani,Madhya Pradesh,0.0,0.0,9,271,quiet,0,0,0,0,1,0,1.94,0.0315,0.0018,0.0005,2026-09-28,0.6,quiet
382,Betul,Madhya Pradesh,0.02,0.15309311,9,271,quiet,0,0,0,0,1,0,2.15,0.0314,0.0018,0.0005,2026-09-28,0.6,quiet
383,Bhind,Madhya Pradesh,0.59,0.77055174,9,271,quiet,0,0,0,0,1,0,3.67,0.028,0.0018,0.0005,2026-09-28,0.6,quiet
384,Bhopal,Madhya Pradesh,0.0,0.0,9,271,quiet,0,0,0,0,1,0,1.94,0.0315,0.0018,0.0005,2026-09-28,0.6,quiet
385,Burhanpur,Madhya Pradesh,0.0,0.0,9,271,quiet,0,0,0,0,1,0,1.94,0.0315,0.0018,0.0005,2026-09-28,0.6,quiet
386,Chhatarpur,Madhya Pradesh,1.36,1.1681539,9,271,quiet,0,0,0,0,1,0,10.23,0.0045,0.0018,0.0005,2026-09-28,0.6,quiet
387,Chhindwara,Madhya Pradesh,0.05,0.22534695,9,271,quiet,0,0,0,0,1,0,1.59,0.0314,0.0018,0.0005,2026-09-28,0.6,quiet
388,Damoh,Madhya Pradesh,0.62,0.7866066,9,271,quiet,0,0,0,0,1,0,9.38,0.028,0.0018,0.0005,2026-09-28,0.6,quiet
389,Datia,Madhya Pradesh,2.19,1.47902,9,271,quiet,0,0,0,0,1,0,6.98,0.0056,0.0018,0.0005,2026-09-28,0.6,quiet
39,Pakke Kessang,Arunanchal Pradesh,2.28,1.5103807,9,271,quiet,0,0,0,0,1,0,8.89,0.0056,0.0018,0.0005,2026-09-28,0.6,quiet
390,Dewas,Madhya Pradesh,0.02,0.13693064,9,271,quiet,0,0,0,0,1,0,3.32,0.0314,0.0018,0.0005,2026-09-28,0.6,quiet
391,Dhar,Madhya Pradesh,0.0,0.0,9,271,quiet,0,0,0,0,1,0,1.94,0.0315,0.0018,0.0005,2026-09-28,0.6,quiet
392,Dindori,Madhya Pradesh,0.35,0.595119,9,271,quiet,0,0,0,0,1,0,1.4,0.0299,0.0018,0.0005,2026-09-28,0.6,quiet
393,East Nimar,Madhya Pradesh,0.04,0.209165,9,271,quiet,0,0,0,0,1,0,0.47,0.0314,0.0018,0.0005,2026-09-28,0.6,quiet
394,Guna,Madhya Pradesh,0.0,0.0,9,271,quiet,0,0,0,0,1,0,1.94,0.0315,0.0018,0.0005,2026-09-28,0.6,quiet
395,Gwalior,Madhya Pradesh,2.12,1.4577379,9,271,quiet,0,0,0,0,1,0,6.15,0.0056,0.0018,0.0005,2026-09-28,0.6,quiet
396,Harda,Madhya Pradesh,0.06,0.25,9,271,quiet,0,0,0,0,1,0,4.78,0.0314,0.0018,0.0005,2026-09-28,0.6,quiet
397,Narmadapuram,Madhya Pradesh,0.05,0.22047928,9,271,quiet,0,0,0,0,1,0,1.57,0.0314,0.0018,0.0005,2026-09-28,0.6,quiet
398,Indore,Madhya Pradesh,0.0,0.0,9,271,quiet,0,0,0,0,1,0,1.94,0.0315,0.0018,0.0005,2026-09-28,0.6,quiet
399,Jabalpur,Madhya Pradesh,0.43,0.65465367,9,271,quiet,0,0,0,0,1,0,3.08,0.0298,0.0018,0.0005,2026-09-28,0.6,quiet
4,Anantapur,Andhra Pradesh,0.05,0.2192645,9,271,quiet,0,0,0,0,1,0,1.47,0.0314,0.0018,0.0005,2026-09-28,0.6,quiet
40,Leparada,Arunanchal Pradesh,3.56,1.8874586,9,271,quiet,0,0,0,0,1,0,24.23,0.0112,0.0023,0.0005,2026-09-28,0.65,quiet
400,Jhabua,Madhya Pradesh,0.0,0.0,9,271,quiet,0,0,0,0,1,0,1.94,0.0315,0.0018,0.0005,2026-09-28,0.6,quiet
401,Katni,Madhya Pradesh,0.56,0.75,9,271,quiet,0,0,0,0,1,0,6.01,0.028,0.0018,0.0005,2026-09-28,0.6,quiet
402,Khargone,Madhya Pradesh,0.0,0.0,9,271,quiet,0,0,0,0,1,0,1.94,0.0315,0.0018,0.0005,2026-09-28,0.6,quiet
403,Mandla,Madhya Pradesh,0.33,0.57130456,9,271,quiet,0,0,0,0,1,0,2.55,0.0299,0.0018,0.0005,2026-09-28,0.6,quiet
404,Mandsaur,Madhya Pradesh,0.0,0.0,9,271,quiet,0,0,0,0,1,0,1.94,0.0315,0.0018,0.0005,2026-09-28,0.6,quiet
405,Morena,Madhya Pradesh,1.04,1.0220777,9,271,quiet,0,0,0,0,1,0,8.58,0.012,0.0025,0.0005,2026-09-28,0.6,quiet
406,Narsinghpur,Madhya Pradesh,0.05,0.21650635,9,271,quiet,0,0,0,0,1,0,0.51,0.0314,0.0018,0.0005,2026-09-28,0.6,quiet
407,Neemuch,Madhya Pradesh,0.0,0.0,9,271,quiet,0,0,0,0,1,0,1.94,0.0315,0.0018,0.0005,2026-09-28,0.6,quiet
408,Panna,Madhya Pradesh,1.01,1.0034662,9,271,quiet,0,0,0,0,1,0,3.91,0.012,0.0018,0.0005,2026-09-28,0.6,quiet
409,Raisen,Madhya Pradesh,0.0,0.0,9,271,quiet,0,0,0,0,1,0,1.94,0.0315,0.0018,0.0005,2026-09-28,0.6,quiet
41,Shi Yomi,Arunanchal Pradesh,3.96,1.990603,9,271,quiet,0,0,0,0,1,0,4.09,0.0211,0.0023,0.0005,2026-09-28,0.6,quiet
410,Rajgarh,Madhya Pradesh,0.0,0.0,9,271,quiet,0,0,0,0,1,0,1.94,0.0315,0.0018,0.0005,2026-09-28,0.6,quiet
411,Ratlam,Madhya Pradesh,0.0,0.0,9,271,quiet,0,0,0,0,1,0,1.94,0.0315,0.0018,0.0005,2026-09-28,0.6,quiet
412,Rewa,Madhya Pradesh,2.89,1.7006015,9,271,quiet,0,0,0,0,1,0,7.41,0.0099,0.0023,0.0005,2026-09-28,0.6,quiet
413,Sagar,Madhya Pradesh,0.15,0.38959685,9,271,quiet,0,0,0,0,1,0,2.22,0.0316,0.0018,0.0005,2026-09-28,0.6,quiet
414,Satna,Madhya Pradesh,0.77,0.87904906,9,271,quiet,0,0,0,0,1,0,3.81,0.0216,0.0018,0.0005,2026-09-28,0.6,quiet
415,Sehore,Madhya Pradesh,0.02,0.125,9,271,quiet,0,0,0,0,1,0,1.92,0.0314,0.0018,0.0005,2026-09-28,0.6,quiet
416,Seoni,Madhya Pradesh,0.25,0.50478476,9,271,quiet,0,0,0,0,1,0,4.01,0.0316,0.0018,0.0005,2026-09-28,0.6,quiet
417,Shahdol,Madhya Pradesh,0.36,0.59947896,9,271,quiet,0,0,0,0,1,0,5.06,0.0299,0.0018,0.0005,2026-09-28,0.6,quiet
418,Shajapur,Madhya Pradesh,0.0,0.0,9,271,quiet,0,0,0,0,1,0,1.94,0.0315,0.0018,0.0005,2026-09-28,0.6,quiet
419,Sheopur,Madhya Pradesh,0.24,0.49212548,9,271,quiet,0,0,0,0,1,0,3.1,0.0316,0.0018,0.0005,2026-09-28,0.6,quiet
42,Barpeta,Assam,0.04,0.20412415,9,271,quiet,0,0,0,0,1,0,0.52,0.0314,0.0018,0.0005,2026-09-28,0.6,quiet
420,Shivpuri,Madhya Pradesh,0.63,0.79549515,9,271,quiet,0,0,0,0,1,0,9.95,0.028,0.0018,0.0005,2026-09-28,0.6,quiet
421,Sidhi,Madhya Pradesh,1.51,1.2283845,9,271,quiet,0,0,0,0,1,0,13.41,0.0045,0.0018,0.0005,2026-09-28,0.65,quiet
422,Tikamgarh,Madhya Pradesh,1.09,1.0436885,9,271,quiet,0,0,0,0,1,0,6.02,0.012,0.0025,0.0005,2026-09-28,0.6,quiet
423,Ujjain,Madhya Pradesh,0.0,0.0,9,271,quiet,0,0,0,0,1,0,1.94,0.0315,0.0018,0.0005,2026-09-28,0.6,quiet
424,Umaria,Madhya Pradesh,0.3,0.5448624,9,271,quiet,0,0,0,0,1,0,3.71,0.0299,0.0018,0.0005,2026-09-28,0.6,quiet
425,Vidisha,Madhya Pradesh,0.0,0.0,9,271,quiet,0,0,0,0,1,0,1.94,0.0315,0.0018,0.0005,2026-09-28,0.6,quiet
426,Singrauli,Madhya Pradesh,1.9,1.3790525,9,271,quiet,0,0,0,0,1,0,5.6,0.0055,0.0018,0.0005,2026-09-28,0.6,quiet
427,Alirajpur,Madhya Pradesh,0.04,0.19364917,9,271,quiet,0,0,0,0,1,0,4.72,0.0314,0.0018,0.0005,2026-09-28,0.6,quiet
428,Agar Malwa,Madhya Pradesh,0.0,0.0,9,271,quiet,0,0,0,0,1,0,1.94,0.0315,0.0018,0.0005,2026-09-28,0.6,quiet
429,Niwari,Madhya Pradesh,0.56,0.75,9,271,quiet,0,0,0,0,1,0,6.01,0.028,0.0018,0.0005,2026-09-28,0.6,quiet
43,Bongaigaon,Assam,0.25,0.5,9,271,quiet,0,0,0,0,1,0,3.42,0.0316,0.0018,0.0005,2026-09-28,0.6,quiet
430,Aizawl,Mizoram,0.14,0.36799005,9,271,quiet,0,0,0,0,1,0,2.34,0.0333,0.0018,0.0005,2026-09-28,0.6,quiet
431,Champhai,Mizoram,0.09,0.30618623,9,271,quiet,0,0,0,0,1,0,1.2,0.0314,0.0018,0.0005,2026-09-28,0.6,quiet
432,Kolasib,Mizoram,0.19,0.4330127,9,271,quiet,0,0,0,0,1,0,3.2,0.0316,0.0018,0.0005,2026-09-28,0.6,quiet
433,Lawngtlai,Mizoram,0.02,0.14433756,9,271,quiet,0,0,0,0,1,0,3.07,0.0314,0.0018,0.0005,2026-09-28,0.6,quiet
434,Lunglei,Mizoram,0.01,0.10206208,9,271,quiet,0,0,0,0,1,0,3.46,0.0314,0.0018,0.0005,2026-09-28,0.6,quiet
435,Mamit,Mizoram,0.08,0.28867513,9,271,quiet,0,0,0,0,1,0,1.26,0.0314,0.0018,0.0005,2026-09-28,0.6,quiet
436,Saiha,Mizoram,0.27,0.5204165,9,271,quiet,0,0,0,0,1,0,4.57,0.0316,0.0018,0.0005,2026-09-28,0.6,quiet
437,Serchhip,Mizoram,0.0,0.0,9,271,quiet,0,0,0,0,1,0,1.94,0.0315,0.0018,0.0005,2026-09-28,0.6,quiet
438,Dimapur,Nagaland,2.44,1.5612495,9,271,quiet,0,0,0,0,1,0,6.78,0.0092,0.0018,0.0005,2026-09-28,0.6,quiet
439,Kohima,Nagaland,2.88,1.6955825,9,271,quiet,0,0,0,0,1,0,8.26,0.0086,0.0023,0.0005,2026-09-28,0.6,quiet
44,Cachar,Assam,1.31,1.145644,9,271,quiet,0,0,0,0,1,0,5.41,0.0045,0.0018,0.0005,2026-09-28,0.6,quiet
440,Mokokchung,Nagaland,6.75,2.598076,9,271,quiet,0,0,0,0,1,0,20.61,0.0396,0.0294,0.0005,2026-09-28,0.65,quiet
441,Mon,Nagaland,4.88,2.20794,9,271,quiet,0,0,0,0,1,0,3.59,0.008,0.0059,0.0005,2026-09-28,0.6,quiet
442,Phek,Nagaland,1.54,1.2416387,9,271,quiet,0,0,0,0,1,0,10.27,0.0045,0.0018,0.0005,2026-09-28,0.6,quiet
443,Tuensang,Nagaland,2.54,1.5942606,9,271,quiet,0,0,0,0,1,0,6.2,0.0089,0.0018,0.0005,2026-09-28,0.6,quiet
444,Wokha,Nagaland,5.83,2.4152296,9,271,quiet,0,0,0,0,1,0,14.03,0.0431,0.0059,0.0005,2026-09-28,0.65,quiet
445,Zunheboto,Nagaland,1.88,1.3693064,9,271,quiet,0,0,0,0,1,0,3.55,0.0055,0.0018,0.0005,2026-09-28,0.6,quiet
446,Peren,Nagaland,1.06,1.0307764,9,271,quiet,0,0,0,0,1,0,4.93,0.012,0.0025,0.0005,2026-09-28,0.6,quiet
447,Kiphire,Nagaland,2.06,1.4361407,9,271,quiet,0,0,0,0,1,0,8.13,0.0055,0.0018,0.0005,2026-09-28,0.6,quiet
448,Longleng,Nagaland,7.12,2.6692696,9,271,quiet,0,0,0,0,1,0,16.34,0.0727,0.0294,0.0005,2026-09-28,0.65,quiet
449,Anugul,Odisha,0.21,0.45414755,9,271,quiet,0,0,0,0,1,0,2.0,0.0316,0.0018,0.0005,2026-09-28,0.6,quiet
45,Darrang,Assam,1.22,1.10397,9,271,quiet,0,0,0,0,1,0,4.23,0.0064,0.0018,0.0005,2026-09-28,0.6,quiet
450,Balangir,Odisha,1.35,1.160699,9,271,quiet,0,0,0,0,1,0,4.08,0.0045,0.0018,0.0005,2026-09-28,0.6,quiet
451,Baleshwar,Odisha,2.19,1.47902,9,271,quiet,0,0,0,0,1,0,6.98,0.0056,0.0018,0.0005,2026-09-28,0.6,quiet
452,Bargarh,Odisha,1.19,1.0897248,9,271,quiet,0,0,0,0,1,0,11.18,0.0064,0.0018,0.0005,2026-09-28,0.6,quiet
453,Bhadrak,Odisha,0.72,0.84779125,9,271,quiet,0,0,0,0,1,0,2.72,0.0216,0.0018,0.0005,2026-09-28,0.6,quiet
454,Boudh,Odisha,0.48,0.69597054,9,271,quiet,0,0,0,0,1,0,4.55,0.0258,0.0018,0.0005,2026-09-28,0.6,quiet
455,Cuttack,Odisha,0.11,0.32732683,9,271,quiet,0,0,0,0,1,0,2.05,0.0314,0.0018,0.0005,2026-09-28,0.6,quiet
456,Deogarh,Odisha,0.08,0.28867513,9,271,quiet,0,0,0,0,1,0,1.26,0.0314,0.0018,0.0005,2026-09-28,0.6,quiet
457,Dhenkanal,Odisha,0.19,0.4330127,9,271,quiet,0,0,0,0,1,0,3.2,0.0316,0.0018,0.0005,2026-09-28,0.6,quiet
458,Gajapati,Odisha,2.61,1.6169673,9,271,quiet,0,0,0,0,1,0,2.78,0.0089,0.0018,0.0005,2026-09-28,0.6,quiet
459,Ganjam,Odisha,1.19,1.0923287,9,271,quiet,0,0,0,0,1,0,11.12,0.0064,0.0018,0.0005,2026-09-28,0.6,quiet
46,Dhemaji,Assam,5.98,2.4462981,9,271,quiet,0,0,0,0,1,0,5.66,0.0431,0.0266,0.0005,2026-09-28,0.6,quiet
460,Jagatsinghapur,Odisha,0.44,0.6614378,9,271,quiet,0,0,0,0,1,0,4.56,0.0298,0.0018,0.0005,2026-09-28,0.6,quiet
461,Jajapur,Odisha,0.19,0.4330127,9,271,quiet,0,0,0,0,1,0,3.2,0.0316,0.0018,0.0005,2026-09-28,0.6,quiet
462,Jharsuguda,Odisha,0.72,0.84779125,9,271,quiet,0,0,0,0,1,0,2.72,0.0216,0.0018,0.0005,2026-09-28,0.6,quiet
463,Kalahandi,Odisha,1.98,1.4061553,9,271,quiet,0,0,0,0,1,0,2.98,0.0055,0.0018,0.0005,2026-09-28,0.6,quiet
464,Kandhamal,Odisha,1.22,1.1052561,9,271,quiet,0,0,0,0,1,0,3.99,0.0064,0.0018,0.0005,2026-09-28,0.6,quiet
465,Kendrapara,Odisha,1.23,1.1110243,9,271,quiet,0,0,0,0,1,0,1.65,0.0064,0.0018,0.0005,2026-09-28,0.6,quiet
466,Kendujhar,Odisha,0.15,0.3886408,9,271,quiet,0,0,0,0,1,0,2.22,0.0316,0.0018,0.0005,2026-09-28,0.6,quiet
467,Khordha,Odisha,0.08,0.2795085,9,271,quiet,0,0,0,0,1,0,1.56,0.0314,0.0018,0.0005,2026-09-28,0.6,quiet
468,Koraput,Odisha,0.78,0.8822749,9,271,quiet,0,0,0,0,1,0,3.3,0.0216,0.0018,0.0005,2026-09-28,0.6,quiet
469,Malkangiri,Odisha,0.7,0.833854,9,271,quiet,0,0,0,0,1,0,3.2,0.0384,0.0018,0.0005,2026-09-28,0.6,quiet
47,Dhubri,Assam,0.92,0.95742714,9,271,quiet,0,0,0,0,1,0,1.83,0.0357,0.0018,0.0005,2026-09-28,0.6,quiet
470,Mayurbhanj,Odisha,0.99,0.99447,9,271,quiet,0,0,0,0,1,0,4.07,0.0558,0.0018,0.0005,2026-09-28,0.6,quiet
471,Nabarangpur,Odisha,1.81,1.3462912,9,271,quiet,0,0,0,0,1,0,4.81,0.0055,0.0018,0.0005,2026-09-28,0.6,quiet
472,Nayagarh,Odisha,0.17,0.4082483,9,271,quiet,0,0,0,0,1,0,0.98,0.0316,0.0018,0.0005,2026-09-28,0.6,quiet
473,Nuapada,Odisha,1.83,1.3520818,9,271,quiet,0,0,0,0,1,0,3.83,0.0055,0.0018,0.0005,2026-09-28,0.6,quiet
474,Puri,Odisha,0.19,0.4330127,9,271,quiet,0,0,0,0,1,0,3.2,0.0316,0.0018,0.0005,2026-09-28,0.6,quiet
475,Rayagada,Odisha,0.42,0.6508541,9,271,quiet,0,0,0,0,1,0,3.21,0.0299,0.0018,0.0005,2026-09-28,0.6,quiet
476,Sambalpur,Odisha,0.4,0.63514495,9,271,quiet,0,0,0,0,1,0,5.97,0.0299,0.0018,0.0005,2026-09-28,0.6,quiet
477,Sonepur,Odisha,0.38,0.61237246,9,271,quiet,0,0,0,0,1,0,6.16,0.0299,0.0018,0.0005,2026-09-28,0.6,quiet
478,Sundargarh,Odisha,0.14,0.37339398,9,271,quiet,0,0,0,0,1,0,2.03,0.0333,0.0018,0.0005,2026-09-28,0.6,quiet
479,Amritsar,Punjab,0.0,0.0,9,271,quiet,0,0,0,0,1,0,1.94,0.0315,0.0018,0.0005,2026-09-28,0.6,quiet
48,Dibrugarh,Assam,8.92,2.9869509,9,271,quiet,0,0,0,0,1,0,18.43,0.0241,0.0154,0.0005,2026-09-28,0.65,quiet
480,Bathinda,Punjab,0.04,0.18898223,9,271,quiet,0,0,0,0,1,0,4.65,0.0314,0.0018,0.0005,2026-09-28,0.6,quiet
481,Faridkot,Punjab,0.19,0.4330127,9,271,quiet,0,0,0,0,1,0,3.2,0.0316,0.0018,0.0005,2026-09-28,0.6,quiet
483,Ferozepur,Punjab,0.0,0.0,9,271,quiet,0,0,0,0,1,0,1.94,0.0315,0.0018,0.0005,2026-09-28,0.6,quiet
484,Gurdaspur,Punjab,0.0,0.0,9,271,quiet,0,0,0,0,1,0,1.94,0.0315,0.0018,0.0005,2026-09-28,0.6,quiet
485,Hoshiarpur,Punjab,0.33,0.57735026,9,271,quiet,0,0,0,0,1,0,3.2,0.0299,0.0018,0.0005,2026-09-28,0.6,quiet
486,Jalandhar,Punjab,0.19,0.4330127,9,271,quiet,0,0,0,0,1,0,3.2,0.0316,0.0018,0.0005,2026-09-28,0.6,quiet
487,Kapurthala,Punjab,0.1,0.3227486,9,271,quiet,0,0,0,0,1,0,1.62,0.0314,0.0018,0.0005,2026-09-28,0.6,quiet
488,Ludhiana,Punjab,0.13,0.36596254,9,271,quiet,0,0,0,0,1,0,1.64,0.0314,0.0018,0.0005,2026-09-28,0.6,quiet
489,Mansa,Punjab,0.09,0.30618623,9,271,quiet,0,0,0,0,1,0,1.2,0.0314,0.0018,0.0005,2026-09-28,0.6,quiet
49,Goalpara,Assam,0.45,0.6731456,9,271,quiet,0,0,0,0,1,0,5.42,0.0298,0.0018,0.0005,2026-09-28,0.6,quiet
490,Moga,Punjab,0.08,0.2795085,9,271,quiet,0,0,0,0,1,0,1.56,0.0314,0.0018,0.0005,2026-09-28,0.6,quiet
491,Sri Muktsar Sahib,Punjab,0.25,0.5,9,271,quiet,0,0,0,0,1,0,3.42,0.0316,0.0018,0.0005,2026-09-28,0.6,quiet
492,Shahid Bhagat Singh Nagar,Punjab,0.12,0.35355338,9,271,quiet,0,0,0,0,1,0,1.89,0.0314,0.0018,0.0005,2026-09-28,0.6,quiet
493,Patiala,Punjab,0.06,0.25,9,271,quiet,0,0,0,0,1,0,4.78,0.0314,0.0018,0.0005,2026-09-28,0.6,quiet
494,Rupnagar,Punjab,0.53,0.72886896,9,271,quiet,0,0,0,0,1,0,2.44,0.0256,0.0018,0.0005,2026-09-28,0.6,quiet
495,Sangrur,Punjab,0.01,0.09449112,9,271,quiet,0,0,0,0,1,0,2.08,0.0314,0.0018,0.0005,2026-09-28,0.6,quiet
496,Barnala,Punjab,0.09,0.30618623,9,271,quiet,0,0,0,0,1,0,1.2,0.0314,0.0018,0.0005,2026-09-28,0.6,quiet
498,Tarn Taran,Punjab,0.05,0.2236068,9,271,quiet,0,0,0,0,1,0,1.59,0.0314,0.0018,0.0005,2026-09-28,0.6,quiet
499,Fazilka,Punjab,0.38,0.61237246,9,271,quiet,0,0,0,0,1,0,6.16,0.0299,0.0018,0.0005,2026-09-28,0.6,quiet
5,Chittoor,Andhra Pradesh,0.6,0.7772816,9,271,quiet,0,0,0,0,1,0,3.08,0.028,0.0018,0.0005,2026-09-28,0.6,quiet
50,Golaghat,Assam,7.42,2.7243118,9,271,quiet,0,0,0,0,1,0,3.29,0.0283,0.0294,0.0005,2026-09-28,0.6,quiet
500,Pathankot,Punjab,0.0,0.0,9,271,quiet,0,0,0,0,1,0,1.94,0.0315,0.0018,0.0005,2026-09-28,0.6,quiet
501,Karaikal,Puducherry,3.5,1.8708287,9,271,quiet,0,0,0,0,1,0,7.81,0.0112,0.0023,0.0005,2026-09-28,0.6,quiet
503,Pondicherry,Puducherry,0.5,0.70710677,9,271,quiet,0,0,0,0,1,0,5.89,0.0266,0.0018,0.0005,2026-09-28,0.6,quiet
505,Ajmer,Rajasthan,0.0,0.0,9,271,quiet,0,0,0,0,1,0,1.94,0.0315,0.0018,0.0005,2026-09-28,0.6,quiet
506,Alwar,Rajasthan,0.09,0.30618623,9,271,quiet,0,0,0,0,1,0,1.2,0.0314,0.0018,0.0005,2026-09-28,0.6,quiet
507,Banswara,Rajasthan,0.0,0.0,9,271,quiet,0,0,0,0,1,0,1.94,0.0315,0.0018,0.0005,2026-09-28,0.6,quiet
508,Baran,Rajasthan,0.0,0.0,9,271,quiet,0,0,0,0,1,0,1.94,0.0315,0.0018,0.0005,2026-09-28,0.6,quiet
509,Barmer,Rajasthan,0.0,0.0,9,271,quiet,0,0,0,0,1,0,1.94,0.0315,0.0018,0.0005,2026-09-28,0.6,quiet
51,Hailakandi,Assam,0.31,0.559017,9,271,quiet,0,0,0,0,1,0,5.73,0.0299,0.0018,0.0005,2026-09-28,0.6,quiet
510,Bharatpur,Rajasthan,0.04,0.21128857,9,271,quiet,0,0,0,0,1,0,0.47,0.0314,0.0018,0.0005,2026-09-28,0.6,quiet
511,Bhilwara,Rajasthan,0.0,0.0,9,271,quiet,0,0,0,0,1,0,1.94,0.0315,0.0018,0.0005,2026-09-28,0.6,quiet
512,Bikaner,Rajasthan,0.12,0.33920026,9,271,quiet,0,0,0,0,1,0,3.57,0.0314,0.0018,0.0005,2026-09-28,0.6,quiet
513,Bundi,Rajasthan,0.0,0.0,9,271,quiet,0,0,0,0,1,0,1.94,0.0315,0.0018,0.0005,2026-09-28,0.6,quiet
514,Chittorgarh,Rajasthan,0.0,0.0,9,271,quiet,0,0,0,0,1,0,1.94,0.0315,0.0018,0.0005,2026-09-28,0.6,quiet
515,Churu,Rajasthan,0.09,0.2919371,9,271,quiet,0,0,0,0,1,0,0.91,0.0314,0.0018,0.0005,2026-09-28,0.6,quiet
516,Dausa,Rajasthan,0.03,0.17677669,9,271,quiet,0,0,0,0,1,0,1.55,0.0314,0.0018,0.0005,2026-09-28,0.6,quiet
517,Dholpur,Rajasthan,0.51,0.71589106,9,271,quiet,0,0,0,0,1,0,6.0,0.0266,0.0018,0.0005,2026-09-28,0.6,quiet
518,Dungarpur,Rajasthan,0.04,0.19364917,9,271,quiet,0,0,0,0,1,0,4.72,0.0314,0.0018,0.0005,2026-09-28,0.6,quiet
519,Ganganagar,Rajasthan,0.09,0.30276504,9,271,quiet,0,0,0,0,1,0,1.05,0.0314,0.0018,0.0005,2026-09-28,0.6,quiet
52,Jorhat,Assam,12.31,3.508917,9,271,quiet,0,0,0,0,1,0,25.02,0.0188,0.0167,0.0005,2026-09-28,0.65,quiet
520,Hanumangarh,Rajasthan,0.03,0.1707825,9,271,quiet,0,0,0,0,1,0,1.72,0.0314,0.0018,0.0005,2026-09-28,0.6,quiet
521,Jaipur,Rajasthan,0.01,0.09449112,9,271,quiet,0,0,0,0,1,0,2.08,0.0314,0.0018,0.0005,2026-09-28,0.6,quiet
522,Jaisalmer,Rajasthan,0.0,0.0,9,271,quiet,0,0,0,0,1,0,1.94,0.0315,0.0018,0.0005,2026-09-28,0.6,quiet
523,Jalore,Rajasthan,0.01,0.10825317,9,271,quiet,0,0,0,0,1,0,2.69,0.0314,0.0018,0.0005,2026-09-28,0.6,quiet
524,Jhalawar,Rajasthan,0.0,0.0,9,271,quiet,0,0,0,0,1,0,1.94,0.0315,0.0018,0.0005,2026-09-28,0.6,quiet
525,Jhunjhunu,Rajasthan,0.0,0.0,9,271,quiet,0,0,0,0,1,0,1.94,0.0315,0.0018,0.0005,2026-09-28,0.6,quiet
526,Jodhpur,Rajasthan,0.0,0.0,9,271,quiet,0,0,0,0,1,0,1.94,0.0315,0.0018,0.0005,2026-09-28,0.6,quiet
527,Karauli,Rajasthan,0.22,0.4724556,9,271,quiet,0,0,0,0,1,0,1.27,0.0316,0.0018,0.0005,2026-09-28,0.6,quiet
528,Kota,Rajasthan,0.0,0.0,9,271,quiet,0,0,0,0,1,0,1.94,0.0315,0.0018,0.0005,2026-09-28,0.6,quiet
529,Nagaur,Rajasthan,0.01,0.083333336,9,271,quiet,0,0,0,0,1,0,1.85,0.0314,0.0018,0.0005,2026-09-28,0.6,quiet
53,Kamrup,Assam,0.44,0.6614378,9,271,quiet,0,0,0,0,1,0,4.56,0.0298,0.0018,0.0005,2026-09-28,0.6,quiet
530,Pali,Rajasthan,0.0,0.0,9,271,quiet,0,0,0,0,1,0,1.94,0.0315,0.0018,0.0005,2026-09-28,0.6,quiet
531,Rajsamand,Rajasthan,0.0,0.0,9,271,quiet,0,0,0,0,1,0,1.94,0.0315,0.0018,0.0005,2026-09-28,0.6,quiet
532,Sawai Madhopur,Rajasthan,0.0,0.0,9,271,quiet,0,0,0,0,1,0,1.94,0.0315,0.0018,0.0005,2026-09-28,0.6,quiet
533,Sikar,Rajasthan,0.09,0.30151135,9,271,quiet,0,0,0,0,1,0,0.95,0.0314,0.0018,0.0005,2026-09-28,0.6,quiet
534,Sirohi,Rajasthan,0.02,0.15309311,9,271,quiet,0,0,0,0,1,0,2.15,0.0314,0.0018,0.0005,2026-09-28,0.6,quiet
535,Tonk,Rajasthan,0.0,0.0,9,271,quiet,0,0,0,0,1,0,1.94,0.0315,0.0018,0.0005,2026-09-28,0.6,quiet
536,Udaipur,Rajasthan,0.01,0.12126781,9,271,quiet,0,0,0,0,1,0,2.35,0.0314,0.0018,0.0005,2026-09-28,0.6,quiet
537,Pratapgarh,Rajasthan,0.0,0.0,9,271,quiet,0,0,0,0,1,0,1.94,0.0315,0.0018,0.0005,2026-09-28,0.6,quiet
538,Gangtok,Sikkim,0.81,0.9013878,9,271,quiet,0,0,0,0,1,0,3.9,0.0216,0.0018,0.0005,2026-09-28,0.6,quiet
539,Mangan,Sikkim,2.22,1.4910448,9,271,quiet,0,0,0,0,1,0,7.95,0.0056,0.0018,0.0005,2026-09-28,0.6,quiet
54,Karbi Anglong,Assam,4.66,2.1590412,9,271,quiet,0,0,0,0,1,0,6.29,0.0131,0.0059,0.0005,2026-09-28,0.6,quiet
541,Gyalshing,Sikkim,3.72,1.9284061,9,271,quiet,0,0,0,0,1,0,10.8,0.0112,0.0023,0.0005,2026-09-28,0.6,quiet
543,Coimbatore,Tamil Nadu,0.0,0.0,9,271,quiet,0,0,0,0,1,0,1.94,0.0315,0.0018,0.0005,2026-09-28,0.6,quiet
544,Cuddalore,Tamil Nadu,2.06,1.4361407,9,271,quiet,0,0,0,0,1,0,8.13,0.0055,0.0018,0.0005,2026-09-28,0.6,quiet
545,Dharmapuri,Tamil Nadu,0.1,0.3133916,9,271,quiet,0,0,0,0,1,0,1.5,0.0314,0.0018,0.0005,2026-09-28,0.6,quiet
546,Dindigul,Tamil Nadu,0.0,0.0,9,271,quiet,0,0,0,0,1,0,1.94,0.0315,0.0018,0.0005,2026-09-28,0.6,quiet
547,Erode,Tamil Nadu,0.0,0.0,9,271,quiet,0,0,0,0,1,0,1.94,0.0315,0.0018,0.0005,2026-09-28,0.6,quiet
548,Kanchipuram,Tamil Nadu,0.06,0.25,9,271,quiet,0,0,0,0,1,0,4.78,0.0314,0.0018,0.0005,2026-09-28,0.6,quiet
549,Kanniyakumari,Tamil Nadu,0.04,0.20412415,9,271,quiet,0,0,0,0,1,0,0.52,0.0314,0.0018,0.0005,2026-09-28,0.6,quiet
55,Karimganj,Assam,0.27,0.5204165,9,271,quiet,0,0,0,0,1,0,4.57,0.0316,0.0018,0.0005,2026-09-28,0.6,quiet
550,Karur,Tamil Nadu,0.0,0.0,9,271,quiet,0,0,0,0,1,0,1.94,0.0315,0.0018,0.0005,2026-09-28,0.6,quiet
551,Krishnagiri,Tamil Nadu,0.06,0.25,9,271,quiet,0,0,0,0,1,0,4.78,0.0314,0.0018,0.0005,2026-09-28,0.6,quiet
552,Madurai,Tamil Nadu,0.0,0.0,9,271,quiet,0,0,0,0,1,0,1.94,0.0315,0.0018,0.0005,2026-09-28,0.6,quiet
553,Nagapattinam,Tamil Nadu,4.1,2.0258744,9,271,quiet,0,0,0,0,1,0,7.19,0.0214,0.0023,0.0005,2026-09-28,0.6,quiet
554,Namakkal,Tamil Nadu,0.0,0.0,9,271,quiet,0,0,0,0,1,0,1.94,0.0315,0.0018,0.0005,2026-09-28,0.6,quiet
555,Perambalur,Tamil Nadu,0.78,0.8838835,9,271,quiet,0,0,0,0,1,0,3.36,0.0216,0.0018,0.0005,2026-09-28,0.6,quiet
556,Pudukkottai,Tamil Nadu,0.32,0.5669467,9,271,quiet,0,0,0,0,1,0,4.79,0.0299,0.0018,0.0005,2026-09-28,0.6,quiet
557,Ramanathapuram,Tamil Nadu,0.04,0.19364917,9,271,quiet,0,0,0,0,1,0,4.72,0.0314,0.0018,0.0005,2026-09-28,0.6,quiet
558,Salem,Tamil Nadu,0.54,0.73799926,9,271,quiet,0,0,0,0,1,0,1.13,0.032,0.0018,0.0005,2026-09-28,0.6,quiet
559,Sivaganga,Tamil Nadu,0.02,0.14433756,9,271,quiet,0,0,0,0,1,0,3.07,0.0314,0.0018,0.0005,2026-09-28,0.6,quiet
56,Kokrajhar,Assam,0.5,0.70710677,9,271,quiet,0,0,0,0,1,0,5.89,0.0266,0.0018,0.0005,2026-09-28,0.6,quiet
560,Thanjavur,Tamil Nadu,2.3,1.5165751,9,271,quiet,0,0,0,0,1,0,5.87,0.0056,0.0018,0.0005,2026-09-28,0.6,quiet
561,The Nilgiris,Tamil Nadu,0.0,0.0,9,271,quiet,0,0,0,0,1,0,1.94,0.0315,0.0018,0.0005,2026-09-28,0.6,quiet
562,Theni,Tamil Nadu,0.0,0.0,9,271,quiet,0,0,0,0,1,0,1.94,0.0315,0.0018,0.0005,2026-09-28,0.6,quiet
563,Thiruvallur,Tamil Nadu,0.48,0.69221866,9,271,quiet,0,0,0,0,1,0,5.53,0.0258,0.0018,0.0005,2026-09-28,0.6,quiet
564,Thiruvarur,Tamil Nadu,4.91,2.2150056,9,271,quiet,0,0,0,0,1,0,4.3,0.008,0.0059,0.0005,2026-09-28,0.6,quiet
565,Tiruchirappalli,Tamil Nadu,0.02,0.14433756,9,271,quiet,0,0,0,0,1,0,3.07,0.0314,0.0018,0.0005,2026-09-28,0.6,quiet
566,Tirunelveli,Tamil Nadu,0.15,0.3818813,9,271,quiet,0,0,0,0,1,0,1.64,0.0316,0.0018,0.0005,2026-09-28,0.6,quiet
567,Tiruvannamalai,Tamil Nadu,0.32,0.5669467,9,271,quiet,0,0,0,0,1,0,4.79,0.0299,0.0018,0.0005,2026-09-28,0.6,quiet
568,Tuticorin,Tamil Nadu,0.0,0.0,9,271,quiet,0,0,0,0,1,0,1.94,0.0315,0.0018,0.0005,2026-09-28,0.6,quiet
569,Vellore,Tamil Nadu,0.33,0.572822,9,271,quiet,0,0,0,0,1,0,2.74,0.0299,0.0018,0.0005,2026-09-28,0.6,quiet
57,Lakhimpur,Assam,2.86,1.692508,9,271,quiet,0,0,0,0,1,0,8.12,0.0086,0.0023,0.0005,2026-09-28,0.6,quiet
570,Villupuram,Tamil Nadu,0.08,0.2795085,9,271,quiet,0,0,0,0,1,0,1.56,0.0314,0.0018,0.0005,2026-09-28,0.6,quiet
571,Virudhunagar,Tamil Nadu,0.01,0.1118034,9,271,quiet,0,0,0,0,1,0,2.38,0.0314,0.0018,0.0005,2026-09-28,0.6,quiet
572,Ariyalur,Tamil Nadu,1.23,1.1086779,9,271,quiet,0,0,0,0,1,0,3.47,0.0064,0.0018,0.0005,2026-09-28,0.6,quiet
573,Tiruppur,Tamil Nadu,0.0,0.0,9,271,quiet,0,0,0,0,1,0,1.94,0.0315,0.0018,0.0005,2026-09-28,0.6,quiet
574,Kallakurichi,Tamil Nadu,0.73,0.8539126,9,271,quiet,0,0,0,0,1,0,9.82,0.0216,0.0018,0.0005,2026-09-28,0.6,quiet
575,Chengalpattu,Tamil Nadu,0.17,0.4082483,9,271,quiet,0,0,0,0,1,0,0.98,0.0316,0.0018,0.0005,2026-09-28,0.6,quiet
576,Ranipet,Tamil Nadu,0.25,0.5,9,271,quiet,0,0,0,0,1,0,3.42,0.0316,0.0018,0.0005,2026-09-28,0.6,quiet
577,Tirupathur,Tamil Nadu,0.23,0.47871357,9,271,quiet,0,0,0,0,1,0,1.7,0.0316,0.0018,0.0005,2026-09-28,0.6,quiet
578,Tenkasi,Tamil Nadu,0.02,0.14433756,9,271,quiet,0,0,0,0,1,0,3.07,0.0314,0.0018,0.0005,2026-09-28,0.6,quiet
579,Dhalai,Tripura,0.0,0.0,9,271,quiet,0,0,0,0,1,0,1.94,0.0315,0.0018,0.0005,2026-09-28,0.6,quiet
58,Marigaon,Assam,0.84,0.91855866,9,271,quiet,0,0,0,0,1,0,2.7,0.0226,0.0018,0.0005,2026-09-28,0.6,quiet
580,North Tripura,Tripura,0.04,0.20412415,9,271,quiet,0,0,0,0,1,0,0.52,0.0314,0.0018,0.0005,2026-09-28,0.6,quiet
581,South Tripura,Tripura,0.0,0.0,9,271,quiet,0,0,0,0,1,0,1.94,0.0315,0.0018,0.0005,2026-09-28,0.6,quiet
582,West Tripura,Tripura,0.0,0.0,9,271,quiet,0,0,0,0,1,0,1.94,0.0315,0.0018,0.0005,2026-09-28,0.6,quiet
583,Khowai,Tripura,0.0,0.0,9,271,quiet,0,0,0,0,1,0,1.94,0.0315,0.0018,0.0005,2026-09-28,0.6,quiet
584,Sepahijala,Tripura,0.0,0.0,9,271,quiet,0,0,0,0,1,0,1.94,0.0315,0.0018,0.0005,2026-09-28,0.6,quiet
585,Gomati,Tripura,0.0,0.0,9,271,quiet,0,0,0,0,1,0,1.94,0.0315,0.0018,0.0005,2026-09-28,0.6,quiet
586,Unakoti,Tripura,0.06,0.25,9,271,quiet,0,0,0,0,1,0,4.78,0.0314,0.0018,0.0005,2026-09-28,0.6,quiet
587,Adilabad,Telangana,0.0,0.0,9,271,quiet,0,0,0,0,1,0,1.94,0.0315,0.0018,0.0005,2026-09-28,0.6,quiet
589,Karimnagar,Telangana,0.0,0.0,9,271,quiet,0,0,0,0,1,0,1.94,0.0315,0.0018,0.0005,2026-09-28,0.6,quiet
59,Nagaon,Assam,3.52,1.8774984,9,271,quiet,0,0,0,0,1,0,13.4,0.0112,0.0023,0.0005,2026-09-28,0.65,quiet
590,Khammam,Telangana,0.01,0.1118034,9,271,quiet,0,0,0,0,1,0,2.38,0.0314,0.0018,0.0005,2026-09-28,0.6,quiet
591,Mahabubnagar,Telangana,0.05,0.21650635,9,271,quiet,0,0,0,0,1,0,0.51,0.0314,0.0018,0.0005,2026-09-28,0.6,quiet
592,Medak,Telangana,0.0,0.0,9,271,quiet,0,0,0,0,1,0,1.94,0.0315,0.0018,0.0005,2026-09-28,0.6,quiet
593,Nalgonda,Telangana,0.01,0.07905694,9,271,quiet,0,0,0,0,1,0,3.17,0.0314,0.0018,0.0005,2026-09-28,0.6,quiet
594,Nizamabad,Telangana,0.0,0.0,9,271,quiet,0,0,0,0,1,0,1.94,0.0315,0.0018,0.0005,2026-09-28,0.6,quiet
595,Ranga Reddy,Telangana,0.0,0.0,9,271,quiet,0,0,0,0,1,0,1.94,0.0315,0.0018,0.0005,2026-09-28,0.6,quiet
596,Warangal,Telangana,0.0,0.0,9,271,quiet,0,0,0,0,1,0,1.94,0.0315,0.0018,0.0005,2026-09-28,0.6,quiet
597,Nirmal,Telangana,0.0,0.0,9,271,quiet,0,0,0,0,1,0,1.94,0.0315,0.0018,0.0005,2026-09-28,0.6,quiet
598,Jagitial,Telangana,0.0,0.0,9,271,quiet,0,0,0,0,1,0,1.94,0.0315,0.0018,0.0005,2026-09-28,0.6,quiet
599,Peddapalli,Telangana,0.0,0.0,9,271,quiet,0,0,0,0,1,0,1.94,0.0315,0.0018,0.0005,2026-09-28,0.6,quiet
6,Y.S.R.,Andhra Pradesh,0.47,0.6846532,9,271,quiet,0,0,0,0,1,0,4.03,0.0258,0.0018,0.0005,2026-09-28,0.6,quiet
60,Nalbari,Assam,0.09,0.30618623,9,271,quiet,0,0,0,0,1,0,1.2,0.0314,0.0018,0.0005,2026-09-28,0.6,quiet
600,Rajanna Sircilla,Telangana,0.0,0.0,9,271,quiet,0,0,0,0,1,0,1.94,0.0315,0.0018,0.0005,2026-09-28,0.6,quiet
601,Mancherial,Telangana,0.0,0.0,9,271,quiet,0,0,0,0,1,0,1.94,0.0315,0.0018,0.0005,2026-09-28,0.6,quiet
602,Kamareddy,Telangana,0.0,0.0,9,271,quiet,0,0,0,0,1,0,1.94,0.0315,0.0018,0.0005,2026-09-28,0.6,quiet
603,Hanumakonda,Telangana,0.0,0.0,9,271,quiet,0,0,0,0,1,0,1.94,0.0315,0.0018,0.0005,2026-09-28,0.6,quiet
604,Jayashankar Bhupalapally,Telangana,0.0,0.0,9,271,quiet,0,0,0,0,1,0,1.94,0.0315,0.0018,0.0005,2026-09-28,0.6,quiet
605,Mahabubabad,Telangana,0.01,0.1118034,9,271,quiet,0,0,0,0,1,0,2.38,0.0314,0.0018,0.0005,2026-09-28,0.6,quiet
606,Jangoan,Telangana,0.0,0.0,9,271,quiet,0,0,0,0,1,0,1.94,0.0315,0.0018,0.0005,2026-09-28,0.6,quiet
607,Bhadradri Kothagudem,Telangana,0.14,0.37080994,9,271,quiet,0,0,0,0,1,0,2.45,0.0333,0.0018,0.0005,2026-09-28,0.6,quiet
608,Sangareddy,Telangana,0.0,0.0,9,271,quiet,0,0,0,0,1,0,1.94,0.0315,0.0018,0.0005,2026-09-28,0.6,quiet
609,Siddipet,Telangana,0.0,0.0,9,271,quiet,0,0,0,0,1,0,1.94,0.0315,0.0018,0.0005,2026-09-28,0.6,quiet
61,Dima Hasao,Assam,2.53,1.5895866,9,271,quiet,0,0,0,0,1,0,6.6,0.0089,0.0018,0.0005,2026-09-28,0.6,quiet
610,Wanaparthy,Telangana,0.23,0.47871357,9,271,quiet,0,0,0,0,1,0,1.7,0.0316,0.0018,0.0005,2026-09-28,0.6,quiet
611,Nagarkurnool,Telangana,0.19,0.4330127,9,271,quiet,0,0,0,0,1,0,3.2,0.0316,0.0018,0.0005,2026-09-28,0.6,quiet
612,Jogulamba Gadwal,Telangana,0.42,0.649519,9,271,quiet,0,0,0,0,1,0,4.38,0.0299,0.0018,0.0005,2026-09-28,0.6,quiet
613,Suryapet,Telangana,0.01,0.1118034,9,271,quiet,0,0,0,0,1,0,2.38,0.0314,0.0018,0.0005,2026-09-28,0.6,quiet
614,Yadadri Bhuvanagiri,Telangana,0.0,0.0,9,271,quiet,0,0,0,0,1,0,1.94,0.0315,0.0018,0.0005,2026-09-28,0.6,quiet
615,Vikarabad,Telangana,0.0,0.0,9,271,quiet,0,0,0,0,1,0,1.94,0.0315,0.0018,0.0005,2026-09-28,0.6,quiet
616,Kumuram Bheem Asifabad,Telangana,0.01,0.088388346,9,271,quiet,0,0,0,0,1,0,1.39,0.0314,0.0018,0.0005,2026-09-28,0.6,quiet
617,Medchal Malkajgiri,Telangana,0.0,0.0,9,271,quiet,0,0,0,0,1,0,1.94,0.0315,0.0018,0.0005,2026-09-28,0.6,quiet
618,Mulugu,Telangana,0.12,0.35355338,9,271,quiet,0,0,0,0,1,0,1.89,0.0314,0.0018,0.0005,2026-09-28,0.6,quiet
619,Narayanpet,Telangana,0.23,0.47871357,9,271,quiet,0,0,0,0,1,0,1.7,0.0316,0.0018,0.0005,2026-09-28,0.6,quiet
62,Sivasagar,Assam,9.47,3.0771334,9,271,quiet,0,0,0,0,1,0,10.97,0.0245,0.0154,0.0005,2026-09-28,0.6,quiet
620,Almora,Uttarakhand,16.74,4.091149,9,271,quiet,0,0,0,0,1,0,8.42,0.0408,0.0153,0.0005,2026-09-28,0.6,quiet
621,Bageshwar,Uttarakhand,16.72,4.089621,9,271,quiet,0,0,0,0,1,0,7.35,0.0408,0.0153,0.0005,2026-09-28,0.6,quiet
622,Chamoli,Uttarakhand,18.66,4.3195662,9,271,orographic_rainfall,0,0,0,0,1,0,11.85,0.045,0.0219,0.0005,2026-09-28,0.87,quiet
623,Champawat,Uttarakhand,12.56,3.5443618,9,271,quiet,0,0,0,0,1,0,6.75,0.0638,0.0167,0.0005,2026-09-28,0.6,quiet
624,Dehradun,Uttarakhand,34.89,5.906829,9,271,orographic_rainfall,0,0,0,0,1,0,24.15,0.0499,0.0091,0.0019,2026-09-28,0.87,quiet
625,Haridwar,Uttarakhand,13.85,3.7221186,9,271,quiet,0,0,0,0,1,0,8.7,0.0408,0.0177,0.0005,2026-09-28,0.6,quiet
626,Nainital,Uttarakhand,17.36,4.1668334,9,271,orographic_rainfall,0,0,0,0,1,0,12.22,0.0408,0.0219,0.0005,2026-09-28,0.87,quiet
627,Pauri Garhwal,Uttarakhand,23.89,4.8878036,9,271,orographic_rainfall,0,0,0,0,1,0,14.97,0.042,0.0173,0.0019,2026-09-28,0.87,quiet
628,Pithoragarh,Uttarakhand,14.48,3.8046026,9,271,orographic_rainfall,0,0,0,0,1,0,20.92,0.0408,0.0177,0.0005,2026-09-28,0.87,quiet
629,Rudra Prayag,Uttarakhand,14.41,3.7955565,9,271,orographic_rainfall,0,0,0,0,1,0,20.92,0.0408,0.0177,0.0005,2026-09-28,0.87,quiet
63,Sonitpur,Assam,1.88,1.3693064,9,271,quiet,0,0,0,0,1,0,3.55,0.0055,0.0018,0.0005,2026-09-28,0.6,quiet
630,Tehri Garhwal,Uttarakhand,26.27,5.125218,9,271,orographic_rainfall,0,0,0,0,1,0,21.57,0.0499,0.015,0.0019,2026-09-28,0.87,quiet
631,Udam Singh Nagar,Uttarakhand,11.94,3.4550688,9,271,orographic_rainfall,0,0,0,0,1,0,14.97,0.0188,0.0167,0.0005,2026-09-28,0.87,quiet
632,Uttar Kashi,Uttarakhand,30.08,5.4843526,9,271,quiet,0,0,0,0,1,0,7.79,0.0499,0.0091,0.0019,2026-09-28,0.6,quiet
633,Agra,Uttar Pradesh,0.44,0.6614378,9,271,quiet,0,0,0,0,1,0,4.56,0.0298,0.0018,0.0005,2026-09-28,0.6,quiet
634,Aligarh,Uttar Pradesh,1.69,1.299038,9,271,orographic_rainfall,0,0,0,0,1,0,19.65,0.0068,0.0018,0.0005,2026-09-28,0.87,quiet
635,Prayagraj,Uttar Pradesh,2.94,1.7139137,9,271,quiet,0,0,0,0,1,0,17.04,0.0099,0.0023,0.0005,2026-09-28,0.65,quiet
636,Ambedkar Nagar,Uttar Pradesh,6.92,2.6299555,9,271,quiet,0,0,0,0,1,0,7.6,0.078,0.0294,0.0005,2026-09-28,0.6,quiet
637,Auraiya,Uttar Pradesh,1.06,1.0307764,9,271,quiet,0,0,0,0,1,0,4.93,0.012,0.0025,0.0005,2026-09-28,0.6,quiet
638,Azamgarh,Uttar Pradesh,4.5,2.1213202,9,271,quiet,0,0,0,0,1,0,19.46,0.0131,0.0059,0.0005,2026-09-28,0.65,quiet
639,Baghpat,Uttar Pradesh,7.66,2.766993,9,271,quiet,0,0,0,0,1,0,6.92,0.0297,0.0375,0.0005,2026-09-28,0.6,quiet
64,Tinsukia,Assam,11.01,3.3181949,9,271,quiet,0,0,0,0,1,0,7.76,0.0268,0.0154,0.0005,2026-09-28,0.6,quiet
640,Bahraich,Uttar Pradesh,3.52,1.8755951,9,271,orographic_rainfall,0,0,0,0,1,0,13.52,0.0112,0.0023,0.0005,2026-09-28,0.87,quiet
641,Ballia,Uttar Pradesh,0.25,0.5,9,271,quiet,0,0,0,0,1,0,3.42,0.0316,0.0018,0.0005,2026-09-28,0.6,quiet
642,Balrampur,Uttar Pradesh,4.14,2.0348525,9,271,quiet,0,0,0,0,1,0,3.46,0.0229,0.0112,0.0005,2026-09-28,0.6,quiet
643,Banda,Uttar Pradesh,0.53,0.72886896,9,271,quiet,0,0,0,0,1,0,2.44,0.0256,0.0018,0.0005,2026-09-28,0.6,quiet
644,Barabanki,Uttar Pradesh,2.55,1.596872,9,271,quiet,0,0,0,0,1,0,6.27,0.0089,0.0018,0.0005,2026-09-28,0.6,quiet
645,Bareilly,Uttar Pradesh,14.36,3.7900636,9,271,orographic_rainfall,0,0,0,0,1,0,20.28,0.0408,0.0177,0.0005,2026-09-28,0.87,quiet
646,Basti,Uttar Pradesh,7.21,2.684834,9,271,quiet,0,0,0,0,1,0,22.73,0.0488,0.0294,0.0005,2026-09-28,0.65,quiet
647,Bijnor,Uttar Pradesh,15.69,3.9607449,9,271,quiet,0,0,0,0,1,0,11.39,0.0408,0.0153,0.0005,2026-09-28,0.6,quiet
648,Budaun,Uttar Pradesh,13.07,3.615649,9,271,orographic_rainfall,0,0,0,0,1,0,11.92,0.0435,0.0167,0.0005,2026-09-28,0.87,quiet
649,Bulandshahr,Uttar Pradesh,1.39,1.1770372,9,271,quiet,0,0,0,0,1,0,6.07,0.0045,0.0018,0.0005,2026-09-28,0.6,quiet
65,Chirang,Assam,0.25,0.5,9,271,quiet,0,0,0,0,1,0,3.42,0.0316,0.0018,0.0005,2026-09-28,0.6,quiet
650,Chandauli,Uttar Pradesh,4.09,2.0233018,9,271,quiet,0,0,0,0,1,0,7.4,0.0214,0.0023,0.0005,2026-09-28,0.6,quiet
651,Chitrakoot,Uttar Pradesh,2.08,1.4404861,9,271,quiet,0,0,0,0,1,0,4.92,0.0055,0.0018,0.0005,2026-09-28,0.6,quiet
652,Deoria,Uttar Pradesh,1.0,1.0,9,271,quiet,0,0,0,0,1,0,2.06,0.0558,0.0018,0.0005,2026-09-28,0.6,quiet
653,Etah,Uttar Pradesh,1.36,1.1672617,9,271,quiet,0,0,0,0,1,0,10.11,0.0045,0.0018,0.0005,2026-09-28,0.6,quiet
654,Etawah,Uttar Pradesh,0.44,0.6614378,9,271,quiet,0,0,0,0,1,0,4.56,0.0298,0.0018,0.0005,2026-09-28,0.6,quiet
655,Ayodhya,Uttar Pradesh,5.01,2.2388613,9,271,quiet,0,0,0,0,1,0,8.55,0.0082,0.0059,0.0005,2026-09-28,0.6,quiet
656,Farrukhabad,Uttar Pradesh,2.69,1.6393596,9,271,quiet,0,0,0,0,1,0,5.86,0.0122,0.0018,0.0005,2026-09-28,0.6,quiet
657,Fatehpur,Uttar Pradesh,0.46,0.6748015,9,271,quiet,0,0,0,0,1,0,4.74,0.0258,0.0018,0.0005,2026-09-28,0.6,quiet
658,Firozabad,Uttar Pradesh,0.33,0.572822,9,271,quiet,0,0,0,0,1,0,2.74,0.0299,0.0018,0.0005,2026-09-28,0.6,quiet
659,Gautam Buddha Nagar,Uttar Pradesh,0.5,0.70710677,9,271,quiet,0,0,0,0,1,0,5.89,0.0266,0.0018,0.0005,2026-09-28,0.6,quiet
66,Baksa,Assam,0.08,0.2738613,9,271,quiet,0,0,0,0,1,0,3.19,0.0314,0.0018,0.0005,2026-09-28,0.6,quiet
660,Ghaziabad,Uttar Pradesh,2.69,1.6393596,9,271,quiet,0,0,0,0,1,0,5.86,0.0122,0.0018,0.0005,2026-09-28,0.6,quiet
661,Ghazipur,Uttar Pradesh,3.42,1.8506756,9,271,quiet,0,0,0,0,1,0,6.0,0.0112,0.003,0.0005,2026-09-28,0.6,quiet
662,Gonda,Uttar Pradesh,5.9,2.4293592,9,271,quiet,0,0,0,0,1,0,5.26,0.0431,0.0683,0.0005,2026-09-28,0.6,quiet
663,Gorakhpur,Uttar Pradesh,2.79,1.6695807,9,271,quiet,0,0,0,0,1,0,2.25,0.0095,0.0023,0.0005,2026-09-28,0.6,quiet
664,Hamirpur,Uttar Pradesh,0.53,0.72886896,9,271,quiet,0,0,0,0,1,0,2.44,0.0256,0.0018,0.0005,2026-09-28,0.6,quiet
665,Hardoi,Uttar Pradesh,8.88,2.9802592,9,271,orographic_rainfall,0,0,0,0,1,0,20.69,0.0241,0.0154,0.0005,2026-09-28,0.87,quiet
666,Jalaun,Uttar Pradesh,1.2,1.0944937,9,271,quiet,0,0,0,0,1,0,10.15,0.0064,0.0018,0.0005,2026-09-28,0.6,quiet
667,Jaunpur,Uttar Pradesh,5.61,2.368412,9,271,quiet,0,0,0,0,1,0,13.84,0.0265,0.0059,0.0005,2026-09-28,0.65,quiet
668,Jhansi,Uttar Pradesh,1.78,1.3346348,9,271,quiet,0,0,0,0,1,0,5.22,0.0055,0.0018,0.0005,2026-09-28,0.6,quiet
669,Amroha,Uttar Pradesh,9.19,3.0310888,9,271,orographic_rainfall,0,0,0,0,1,0,19.14,0.0245,0.0154,0.0005,2026-09-28,0.87,quiet
67,Udalguri,Assam,0.12,0.35355338,9,271,quiet,0,0,0,0,1,0,1.89,0.0314,0.0018,0.0005,2026-09-28,0.6,quiet
670,Kannauj,Uttar Pradesh,2.29,1.5138252,9,271,quiet,0,0,0,0,1,0,9.26,0.0056,0.0018,0.0005,2026-09-28,0.6,quiet
671,Kanpur Dehat,Uttar Pradesh,1.9,1.3784049,9,271,quiet,0,0,0,0,1,0,5.6,0.0055,0.0018,0.0005,2026-09-28,0.6,quiet
672,Kanpur Nagar,Uttar Pradesh,1.5,1.2247449,9,271,quiet,0,0,0,0,1,0,13.56,0.0045,0.0018,0.0005,2026-09-28,0.65,quiet
673,Kaushambi,Uttar Pradesh,1.44,1.1989579,9,271,quiet,0,0,0,0,1,0,5.71,0.0045,0.0018,0.0005,2026-09-28,0.6,quiet
674,Kheri,Uttar Pradesh,3.18,1.7836059,9,271,quiet,0,0,0,0,1,0,4.27,0.0103,0.0023,0.0005,2026-09-28,0.6,quiet
675,Kushi Nagar,Uttar Pradesh,0.17,0.4082483,9,271,quiet,0,0,0,0,1,0,0.98,0.0316,0.0018,0.0005,2026-09-28,0.6,quiet
676,Lalitpur,Uttar Pradesh,0.52,0.7234898,9,271,quiet,0,0,0,0,1,0,1.81,0.0266,0.0018,0.0005,2026-09-28,0.6,quiet
677,Lucknow,Uttar Pradesh,5.62,2.3717082,9,271,quiet,0,0,0,0,1,0,18.86,0.0265,0.0059,0.0005,2026-09-28,0.65,quiet
678,Hathras,Uttar Pradesh,0.56,0.75,9,271,quiet,0,0,0,0,1,0,6.01,0.028,0.0018,0.0005,2026-09-28,0.6,quiet
679,Maharajganj,Uttar Pradesh,0.88,0.9354144,9,271,quiet,0,0,0,0,1,0,1.19,0.0343,0.0018,0.0005,2026-09-28,0.6,quiet
680,Mahoba,Uttar Pradesh,1.25,1.118034,9,271,quiet,0,0,0,0,1,0,3.17,0.0064,0.0018,0.0005,2026-09-28,0.6,quiet
681,Mainpuri,Uttar Pradesh,0.61,0.7826238,9,271,quiet,0,0,0,0,1,0,8.74,0.028,0.0018,0.0005,2026-09-28,0.6,quiet
682,Mathura,Uttar Pradesh,0.09,0.295804,9,271,quiet,0,0,0,0,1,0,1.08,0.0314,0.0018,0.0005,2026-09-28,0.6,quiet
683,Mau,Uttar Pradesh,3.31,1.8200275,9,271,quiet,0,0,0,0,1,0,3.21,0.0108,0.0023,0.0005,2026-09-28,0.6,quiet
684,Meerut,Uttar Pradesh,5.88,2.42384,9,271,quiet,0,0,0,0,1,0,8.08,0.0431,0.0683,0.0005,2026-09-28,0.6,quiet
685,Mirzapur,Uttar Pradesh,6.19,2.4874685,9,271,quiet,0,0,0,0,1,0,2.82,0.0396,0.0294,0.0005,2026-09-28,0.6,quiet
686,Moradabad,Uttar Pradesh,17.1,4.1357183,9,271,quiet,0,0,0,0,1,0,9.73,0.0408,0.0153,0.0005,2026-09-28,0.6,quiet
687,Muzaffarnagar,Uttar Pradesh,6.7,2.5890393,9,271,orographic_rainfall,0,0,0,0,1,0,18.9,0.0396,0.0294,0.0005,2026-09-28,0.87,quiet
688,Pilibhit,Uttar Pradesh,4.18,2.0432818,9,271,orographic_rainfall,0,0,0,0,1,0,13.64,0.0145,0.0059,0.0005,2026-09-28,0.87,quiet
689,Pratapgarh,Uttar Pradesh,5.65,2.3760962,9,271,quiet,0,0,0,0,1,0,18.69,0.0265,0.0059,0.0005,2026-09-28,0.65,quiet
69,Biswanath,Assam,3.56,1.8874586,9,271,quiet,0,0,0,0,1,0,24.23,0.0112,0.0023,0.0005,2026-09-28,0.65,quiet
690,Rae Bareli,Uttar Pradesh,1.16,1.0752907,9,271,quiet,0,0,0,0,1,0,5.12,0.014,0.0018,0.0005,2026-09-28,0.6,quiet
691,Rampur,Uttar Pradesh,27.1,5.205766,9,271,quiet,0,0,0,0,1,0,11.68,0.0499,0.015,0.0019,2026-09-28,0.6,quiet
692,Saharanpur,Uttar Pradesh,6.07,2.4643288,9,271,quiet,0,0,0,0,1,0,4.24,0.0396,0.0294,0.0005,2026-09-28,0.6,quiet
693,Sant Kabeer Nagar,Uttar Pradesh,4.77,2.184224,9,271,quiet,0,0,0,0,1,0,8.09,0.008,0.0059,0.0005,2026-09-28,0.6,quiet
694,Bhadohi,Uttar Pradesh,3.53,1.8791621,9,271,quiet,0,0,0,0,1,0,13.33,0.0112,0.0023,0.0005,2026-09-28,0.65,quiet
695,Shahjahanpur,Uttar Pradesh,3.44,1.8540496,9,271,quiet,0,0,0,0,1,0,3.11,0.0112,0.003,0.0005,2026-09-28,0.6,quiet
696,Shravasti,Uttar Pradesh,5.83,2.4152296,9,271,orographic_rainfall,0,0,0,0,1,0,14.03,0.0431,0.0059,0.0005,2026-09-28,0.87,quiet
697,Siddharth Nagar,Uttar Pradesh,3.42,1.8484228,9,271,quiet,0,0,0,0,1,0,6.13,0.0112,0.003,0.0005,2026-09-28,0.6,quiet
698,Sitapur,Uttar Pradesh,2.61,1.6158932,9,271,quiet,0,0,0,0,1,0,3.37,0.0089,0.0018,0.0005,2026-09-28,0.6,quiet
699,Sonbhadra,Uttar Pradesh,2.65,1.6274021,9,271,quiet,0,0,0,0,1,0,6.17,0.0089,0.0018,0.0005,2026-09-28,0.6,quiet
7,East Godavari,Andhra Pradesh,0.19,0.43679455,9,271,quiet,0,0,0,0,1,0,3.3,0.0316,0.0018,0.0005,2026-09-28,0.6,quiet
70,Majuli,Assam,2.81,1.677051,9,271,quiet,0,0,0,0,1,0,3.71,0.0095,0.0023,0.0005,2026-09-28,0.6,quiet
700,Sultanpur,Uttar Pradesh,6.05,2.4590394,9,271,quiet,0,0,0,0,1,0,4.88,0.0396,0.0266,0.0005,2026-09-28,0.6,quiet
701,Unnao,Uttar Pradesh,2.52,1.5877132,9,271,quiet,0,0,0,0,1,0,4.29,0.0089,0.0018,0.0005,2026-09-28,0.6,quiet
702,Varanasi,Uttar Pradesh,5.33,2.308273,9,271,quiet,0,0,0,0,1,0,6.98,0.0396,0.0059,0.0005,2026-09-28,0.6,quiet
703,Kasganj,Uttar Pradesh,3.1,1.7618645,9,271,orographic_rainfall,0,0,0,0,1,0,19.7,0.0099,0.0023,0.0005,2026-09-28,0.87,quiet
704,Amethi,Uttar Pradesh,2.3,1.5155444,9,271,quiet,0,0,0,0,1,0,8.65,0.0056,0.0018,0.0005,2026-09-28,0.6,quiet
705,Sambhal,Uttar Pradesh,7.0,2.6457512,9,271,orographic_rainfall,0,0,0,0,1,0,19.0,0.078,0.0294,0.0005,2026-09-28,0.87,quiet
706,Shamli,Uttar Pradesh,5.62,2.3717082,9,271,orographic_rainfall,0,0,0,0,1,0,18.86,0.0265,0.0059,0.0005,2026-09-28,0.87,quiet
707,Hapur,Uttar Pradesh,2.59,1.6105124,9,271,quiet,0,0,0,0,1,0,4.94,0.0181,0.0018,0.0005,2026-09-28,0.6,quiet
708,24 Paraganas North,West Bengal,4.25,2.0615528,9,271,quiet,0,0,0,0,1,0,13.36,0.0145,0.0059,0.0005,2026-09-28,0.65,quiet
709,24 Paraganas South,West Bengal,0.86,0.9293204,9,271,quiet,0,0,0,0,1,0,2.56,0.0343,0.0018,0.0005,2026-09-28,0.6,quiet
710,Bankura,West Bengal,3.2,1.7901244,9,271,quiet,0,0,0,0,1,0,3.61,0.0103,0.0023,0.0005,2026-09-28,0.6,quiet
711,Purba Bardhaman,West Bengal,6.84,2.6160562,9,271,quiet,0,0,0,0,1,0,16.06,0.0492,0.0294,0.0005,2026-09-28,0.65,quiet
712,Birbhum,West Bengal,6.7,2.5875301,9,271,quiet,0,0,0,0,1,0,18.68,0.0396,0.0294,0.0005,2026-09-28,0.65,quiet
713,Coochbehar,West Bengal,0.72,0.84779125,9,271,quiet,0,0,0,0,1,0,2.72,0.0216,0.0018,0.0005,2026-09-28,0.6,quiet
714,Darjeeling,West Bengal,1.52,1.2332207,9,271,quiet,0,0,0,0,1,0,12.35,0.0045,0.0018,0.0005,2026-09-28,0.65,quiet
715,Dinajpur Dakshin,West Bengal,0.04,0.20412415,9,271,quiet,0,0,0,0,1,0,0.52,0.0314,0.0018,0.0005,2026-09-28,0.6,quiet
716,Dinajpur Uttar,West Bengal,0.09,0.295804,9,271,quiet,0,0,0,0,1,0,1.08,0.0314,0.0018,0.0005,2026-09-28,0.6,quiet
717,Hooghly,West Bengal,1.73,1.3169568,9,271,quiet,0,0,0,0,1,0,7.45,0.0064,0.0018,0.0005,2026-09-28,0.6,quiet
718,Howrah,West Bengal,0.81,0.9013878,9,271,quiet,0,0,0,0,1,0,3.9,0.0216,0.0018,0.0005,2026-09-28,0.6,quiet
719,Jalpaiguri,West Bengal,0.28,0.53033006,9,271,quiet,0,0,0,0,1,0,7.0,0.0316,0.0018,0.0005,2026-09-28,0.6,quiet
72,Charaideo,Assam,10.88,3.2977264,9,271,quiet,0,0,0,0,1,0,5.55,0.0253,0.0154,0.0005,2026-09-28,0.6,quiet
721,Maldah,West Bengal,0.16,0.4031129,9,271,quiet,0,0,0,0,1,0,1.48,0.0316,0.0018,0.0005,2026-09-28,0.6,quiet
722,Medinipur East,West Bengal,1.22,1.1059902,9,271,quiet,0,0,0,0,1,0,4.42,0.0064,0.0018,0.0005,2026-09-28,0.6,quiet
723,Medinipur West,West Bengal,1.11,1.0532687,9,271,quiet,0,0,0,0,1,0,9.67,0.012,0.0025,0.0005,2026-09-28,0.6,quiet
724,Murshidabad,West Bengal,0.31,0.559017,9,271,quiet,0,0,0,0,1,0,5.73,0.0299,0.0018,0.0005,2026-09-28,0.6,quiet
725,Nadia,West Bengal,0.69,0.8291562,9,271,quiet,0,0,0,0,1,0,4.1,0.0384,0.0018,0.0005,2026-09-28,0.6,quiet
726,Purulia,West Bengal,0.21,0.45643547,9,271,quiet,0,0,0,0,1,0,2.32,0.0316,0.0018,0.0005,2026-09-28,0.6,quiet
727,Alipurduar,West Bengal,0.21,0.46097723,9,271,quiet,0,0,0,0,1,0,2.9,0.0316,0.0018,0.0005,2026-09-28,0.6,quiet
728,Kalimpong,West Bengal,0.75,0.8660254,9,271,quiet,0,0,0,0,1,0,7.67,0.0216,0.0018,0.0005,2026-09-28,0.6,quiet
729,Jhargram,West Bengal,0.44,0.6614378,9,271,quiet,0,0,0,0,1,0,4.56,0.0298,0.0018,0.0005,2026-09-28,0.6,quiet
73,Hojai,Assam,2.75,1.6583124,9,271,quiet,0,0,0,0,1,0,7.83,0.0095,0.0023,0.0005,2026-09-28,0.6,quiet
730,Paschim Bardhaman,West Bengal,5.69,2.384848,9,271,quiet,0,0,0,0,1,0,18.29,0.0265,0.0059,0.0005,2026-09-28,0.65,quiet
731,Mirpur,Jammu & Kashmir,0.0,0.0,9,271,quiet,0,0,0,0,1,0,1.94,0.0315,0.0018,0.0005,2026-09-28,0.6,quiet
732,Muzaffarabad,Jammu & Kashmir,0.65,0.8062258,9,271,quiet,0,0,0,0,1,0,4.78,0.028,0.0018,0.0005,2026-09-28,0.6,quiet
74,West Karbi Anglong,Assam,3.16,1.7765838,9,271,quiet,0,0,0,0,1,0,5.29,0.0103,0.0023,0.0005,2026-09-28,0.6,quiet
75,Araria,Bihar,0.08,0.2795085,9,271,quiet,0,0,0,0,1,0,1.56,0.0314,0.0018,0.0005,2026-09-28,0.6,quiet
76,Aurangabad,Bihar,0.12,0.35355338,9,271,quiet,0,0,0,0,1,0,1.89,0.0314,0.0018,0.0005,2026-09-28,0.6,quiet
77,Banka,Bihar,4.97,2.2290692,9,271,quiet,0,0,0,0,1,0,6.53,0.0082,0.0059,0.0005,2026-09-28,0.6,quiet
78,Begusarai,Bihar,5.66,2.3782873,9,271,quiet,0,0,0,0,1,0,19.5,0.0265,0.0059,0.0005,2026-09-28,0.65,quiet
79,Bhagalpur,Bihar,2.35,1.5343294,9,271,quiet,0,0,0,0,1,0,13.67,0.0057,0.0018,0.0005,2026-09-28,0.65,quiet
8,Guntur,Andhra Pradesh,0.19,0.43779752,9,271,quiet,0,0,0,0,1,0,3.28,0.0316,0.0018,0.0005,2026-09-28,0.6,quiet
80,Bhojpur,Bihar,0.0,0.0,9,271,quiet,0,0,0,0,1,0,1.94,0.0315,0.0018,0.0005,2026-09-28,0.6,quiet
81,Buxar,Bihar,0.69,0.8291562,9,271,quiet,0,0,0,0,1,0,4.1,0.0384,0.0018,0.0005,2026-09-28,0.6,quiet
82,Darbhanga,Bihar,8.34,2.888555,9,271,quiet,0,0,0,0,1,0,2.3,0.0241,0.0154,0.0005,2026-09-28,0.6,quiet
83,Gaya,Bihar,0.0,0.0,9,271,quiet,0,0,0,0,1,0,1.94,0.0315,0.0018,0.0005,2026-09-28,0.6,quiet
84,Gopalganj,Bihar,0.14,0.375,9,271,quiet,0,0,0,0,1,0,1.95,0.0333,0.0018,0.0005,2026-09-28,0.6,quiet
85,Jamui,Bihar,6.97,2.639839,9,271,quiet,0,0,0,0,1,0,8.1,0.078,0.0294,0.0005,2026-09-28,0.6,quiet
86,Jehanabad,Bihar,0.0,0.0,9,271,quiet,0,0,0,0,1,0,1.94,0.0315,0.0018,0.0005,2026-09-28,0.6,quiet
87,Kaimur (Bhabua),Bihar,2.81,1.677051,9,271,quiet,0,0,0,0,1,0,3.71,0.0095,0.0023,0.0005,2026-09-28,0.6,quiet
88,Katihar,Bihar,0.45,0.66926575,9,271,quiet,0,0,0,0,1,0,5.9,0.0298,0.0018,0.0005,2026-09-28,0.6,quiet
89,Khagaria,Bihar,4.03,2.0077972,9,271,quiet,0,0,0,0,1,0,2.49,0.0214,0.0023,0.0005,2026-09-28,0.6,quiet
9,Krishna,Andhra Pradesh,0.45,0.6731456,9,271,quiet,0,0,0,0,1,0,5.42,0.0298,0.0018,0.0005,2026-09-28,0.6,quiet
90,Kishanganj,Bihar,0.06,0.25,9,271,quiet,0,0,0,0,1,0,4.78,0.0314,0.0018,0.0005,2026-09-28,0.6,quiet
91,Lakhisarai,Bihar,3.21,1.791182,9,271,quiet,0,0,0,0,1,0,3.61,0.0103,0.0023,0.0005,2026-09-28,0.6,quiet
92,Madhepura,Bihar,1.09,1.045825,9,271,quiet,0,0,0,0,1,0,6.57,0.012,0.0025,0.0005,2026-09-28,0.6,quiet
93,Madhubani,Bihar,3.31,1.8200275,9,271,quiet,0,0,0,0,1,0,3.21,0.0108,0.0023,0.0005,2026-09-28,0.6,quiet
94,Munger,Bihar,9.84,3.137475,9,271,quiet,0,0,0,0,1,0,13.21,0.0245,0.0154,0.0005,2026-09-28,0.65,quiet
95,Muzaffarpur,Bihar,3.92,1.9803724,9,271,quiet,0,0,0,0,1,0,5.5,0.0143,0.0023,0.0005,2026-09-28,0.6,quiet
96,Nalanda,Bihar,0.03,0.17677669,9,271,quiet,0,0,0,0,1,0,1.55,0.0314,0.0018,0.0005,2026-09-28,0.6,quiet
97,Nawada,Bihar,0.02,0.14433756,9,271,quiet,0,0,0,0,1,0,3.07,0.0314,0.0018,0.0005,2026-09-28,0.6,quiet
98,Pashchim Champaran,Bihar,1.94,1.3919411,9,271,orographic_rainfall,0,0,0,0,1,0,12.84,0.0055,0.0018,0.0005,2026-09-28,0.87,quiet
99,Patna,Bihar,0.5,0.70710677,9,271,quiet,0,0,0,0,1,0,5.89,0.0266,0.0018,0.0005,2026-09-28,0.6,quiet
