state,districts,mean_gefs,mean_corrected,max_corrected
Rajasthan,33,4.97,17.43,68.21
Arunanchal Pradesh,25,2.18,12.78,59.27
Gujarat,33,2.55,11.1,54.22
Jammu & Kashmir,21,1.66,10.99,53.75
Telangana,32,2.37,9.84,48.86
Goa,2,6.62,39.63,48.86
Madhya Pradesh,52,7.57,15.76,47.04
Uttar Pradesh,75,3.87,11.43,47.04
Uttarakhand,13,4.12,17.84,46.84
Chhattisgarh,28,2.76,11.13,44.75
Maharashtra,34,7.78,17.91,44.75
Bihar,38,1.78,9.02,41.34
Delhi,3,30.6,29.07,38.79
West Bengal,22,3.62,13.16,37.26
Odisha,30,2.43,9.64,34.87
Assam,31,2.96,11.32,34.3
Haryana,21,5.09,9.31,32.48
Dadra & Nagar Havelli and Daman & Diu,1,16.3,30.18,30.18
Meghalaya,10,1.87,9.17,27.69
Sikkim,3,1.28,12.98,25.01
Karnataka,30,0.65,5.55,24.69
Kerala,14,1.14,8.77,23.77
Jharkhand,24,1.94,6.63,20.91
Andhra Pradesh,13,0.5,5.28,18.2
Himachal Pradesh,12,1.3,5.55,17.62
Mizoram,8,0.7,7.39,13.36
Punjab,20,0.18,2.3,13.27
Manipur,12,0.53,5.52,12.69
Chandigarh,1,0.4,9.63,9.63
Tripura,8,1.33,3.6,9.25
Tamil Nadu,36,0.01,1.79,7.84
Nagaland,11,0.02,1.81,6.86
Ladakh,2,0.11,1.12,1.95
Puducherry,2,0.0,1.29,1.29
