threshold,threshold_mm,model,hits,misses,false_alarms,correct_negatives,POD,FAR,CSI,ETS,FSS
Light (>=2.5mm),2.5,Raw,11513,29162,3364,41361,0.28304855562384756,0.22612085769980506,0.2614273711937147,0.11980708272511298,0.5117924528301887
Light (>=2.5mm),2.5,Corrected,27120,13555,14835,29890,0.6667486170866626,0.3535931355023239,0.48856061970816067,0.2008969904963585,0.7950256898325858
Moderate (>=20mm),20.0,Raw,322,10513,108,74457,0.0297185048454084,0.25116279069767444,0.029425203326327334,0.02456222120189189,0.07372694914951061
Moderate (>=20mm),20.0,Corrected,3081,7754,5400,69165,0.28435625288417166,0.636717368234878,0.18977517708654143,0.1322638334557935,0.4679906388749151
Heavy (>=64.5mm),64.5,Raw,2,1434,2,83962,0.001392757660167131,0.5,0.0013908205841446453,0.001344110188892042,0.0030674846625765584
Heavy (>=64.5mm),64.5,Corrected,96,1340,420,83544,0.06685236768802229,0.813953488372093,0.05172413793103448,0.0472702629763281,0.14893055188803783
Very heavy (>=115.6mm),115.6,Raw,0,342,0,85058,0.0,,0.0,0.0,
Very heavy (>=115.6mm),115.6,Corrected,36,306,273,84785,0.10526315789473684,0.883495145631068,0.05853658536585366,0.056638438661122795,0.14203793559770628
Extr. heavy (>=204.5mm),204.5,Raw,0,39,0,85361,0.0,,0.0,0.0,
Extr. heavy (>=204.5mm),204.5,Corrected,4,35,94,85267,0.10256410256410256,0.9591836734693877,0.03007518796992481,0.02974870133793326,0.07439824945295404
