date,regime,regime_pred,slp_anomaly,hgt500_anomaly,wind_dir_from,wind_speed_ms,rh_anomaly,monsoon_index
2016-06-01,break_monsoon,break_monsoon,2.0673950195312045,19.562239583333398,251.5142974853516,4.685509204864502,-3.554165967305501,-4.03248314380643
2016-06-02,break_monsoon,break_monsoon,1.355552164713572,28.14978841145876,248.8485565185547,4.829085826873779,-4.52152837117513,-3.8381555271148864
2016-06-03,break_monsoon,break_monsoon,1.0000874837239735,33.992578125000364,246.5695037841797,4.866256237030029,-5.516665967305499,-3.908549857139596
2016-06-04,break_monsoon,break_monsoon,1.0316121419270985,38.63196614583376,242.66326904296875,3.92241883277893,-7.319444974263511,-4.845833339691172
2016-06-05,break_monsoon,break_monsoon,1.0380879720052008,37.770198567708576,237.9169158935547,3.0288143157958984,-5.972917238871254,-4.803202180862421
2016-06-06,break_monsoon,break_monsoon,0.6278564453125455,30.969059244791424,255.6325225830078,4.0904316902160645,-7.973611640930173,-4.7326247310638685
2016-06-07,break_monsoon,break_monsoon,0.454642740885447,19.43619791666697,258.8368225097656,5.694618225097656,-6.610416030883791,-3.5780631875992004
2016-06-08,western_disturbance,western_disturbance,-0.7246195475260038,7.982438151041606,253.90187072753903,7.60053014755249,-6.346528498331708,-2.028974750041985
2016-06-09,western_disturbance,western_disturbance,-0.9353393554687272,1.322070312499818,250.8618621826172,8.744553565979004,-9.309027353922524,-2.3336831665039197
2016-06-10,quiet,quiet,-0.8708455403645985,-0.212418619791606,240.52978515625,8.603147506713867,-8.918750317891437,-2.311858768463125
2016-06-11,quiet,quiet,-0.6354105631510265,-6.868115234375182,239.09405517578125,8.818354606628418,-7.211805979410805,-1.8549536147713743
2016-06-12,quiet,quiet,-0.6999674479167197,-18.51474609374964,239.7420196533203,8.362369537353516,-4.862500445048013,-1.2938218438625015
2016-06-13,quiet,quiet,-0.1985392252604469,-20.52408854166697,239.5321350097656,9.387540817260742,-6.790973917643228,-1.7631523072719388
2016-06-14,quiet,quiet,-1.2143575032552008,-18.90799153645821,241.037109375,9.252845764160156,-10.643057123819986,-2.363164326548581
2016-06-15,low_depression,low_depression,-1.9779947916666745,-30.191471354166424,244.02569580078125,8.919031143188477,-8.238194783528648,-1.3170491035282572
2016-06-16,quiet,quiet,-1.449180094401072,-26.93445638020876,234.01715087890625,9.164223670959473,-6.145832379659019,-0.9085521903633896
2016-06-17,quiet,quiet,-0.949485270182322,-17.103417968750364,230.6279296875,8.747090339660645,-7.172222518920897,-1.6831394577026182
2016-06-18,quiet,quiet,0.3998433430989507,3.414111328124818,241.06971740722656,7.917394638061523,-2.64027945200602,-1.4650319802761025
2016-06-19,break_monsoon,break_monsoon,0.5641113281250227,18.32791341145821,251.2799530029297,7.9044084548950195,-1.6618045806884751,-1.275244795084013
2016-06-20,western_disturbance,western_disturbance,0.115852864583303,14.018847656249818,251.0558624267578,8.740287780761719,2.643053881327312,0.6195195549726669
2016-06-21,quiet,quiet,0.6796712239582803,2.567643229166606,241.96983337402344,8.81103229522705,5.942363230387372,1.2993191483617152
2016-06-22,active_monsoon,active_monsoon,2.2130839029947538,-0.8617350260419698,240.37754821777344,9.941174507141112,12.973613293965656,2.9407034671306835
2016-06-23,active_monsoon,active_monsoon,1.5999613444010947,1.023372395833576,241.87884521484372,10.56037139892578,13.767363230387376,3.7943807101249383
2016-06-24,active_monsoon,active_monsoon,1.077048746744822,-2.631868489583212,240.3642578125,11.599206924438477,8.990279960632321,3.090537486076336
2016-06-25,break_monsoon,break_monsoon,1.9315816243489508,21.904199218750364,239.5382537841797,11.93997573852539,12.89166895548503,3.8845420551300105
2016-06-26,break_monsoon,break_monsoon,1.632057698567678,22.584700520833398,241.9754638671875,12.170114517211914,12.78472188313802,4.124227728843707
2016-06-27,active_monsoon,active_monsoon,0.2519042968749545,13.565738932291424,239.9994964599609,12.7710542678833,12.602083079020176,5.137904124259974
2016-06-28,break_monsoon,break_monsoon,0.2513753255208257,22.227978515625185,238.69845581054688,13.32663631439209,10.576386006673175,4.752745203971867
2016-06-29,break_monsoon,break_monsoon,0.451865641276072,38.062923177083576,239.6090850830078,12.018256187438965,6.303474299112949,2.8272253561019696
2016-06-30,break_monsoon,break_monsoon,-0.3929687500000227,26.41748046875,239.6305084228516,11.946805000305176,4.599999491373694,2.7945031213760503
2016-07-01,active_monsoon,active_monsoon,-1.662200927734375,-1.854036458333212,234.83331298828125,12.679977416992188,3.39791615804036,3.48868634700775
2016-07-02,active_monsoon,active_monsoon,-1.5771341959635947,-17.487190755208758,233.3299865722656,13.54433250427246,5.509029769897467,4.416722497940097
2016-07-03,active_monsoon,active_monsoon,-0.8451802571614735,-20.878645833333398,230.3151397705078,13.94044589996338,10.963191350301102,5.772243967056282
2016-07-04,active_monsoon,active_monsoon,-0.8324829101562727,-16.559814453125,229.76812744140625,12.196490287780762,8.756946309407553,4.40516980171205
2016-07-05,active_monsoon,active_monsoon,-1.6779073079427462,-17.831152343749636,236.77427673339844,11.571772575378418,4.883332697550458,3.50045324802401
2016-07-06,low_depression,low_depression,-1.6860717773437273,-11.527376302083212,235.99658203125,10.300763130187988,-0.2625033060709683,1.453197350501999
2016-07-07,quiet,quiet,-1.2000671386718975,-5.597379557291788,239.46432495117188,10.200270652770996,-2.4555536905924527,0.4634824371338013
2016-07-08,low_depression,low_depression,-2.4406188964843523,-7.585026041666424,240.90028381347656,10.946759223937988,-2.6715309143066435,1.4416157531738136
2016-07-09,low_depression,low_depression,-3.2679951985677462,-15.00545247395803,236.87973022460935,12.863786697387695,1.455552419026688,3.94297754764559
2016-07-10,low_depression,low_depression,-3.591888427734375,-28.190136718750185,239.06353759765625,13.7294282913208,2.5368075052897154,4.80794662475586
2016-07-11,low_depression,low_depression,-2.8762959798176557,-16.263736979166424,236.4897003173828,12.928217887878418,1.0187469482421818,3.6026888275146147
2016-07-12,active_monsoon,active_monsoon,-1.4693542480468975,8.43416341145803,241.33526611328125,12.900431632995604,1.3958353678385436,2.860535836219802
2016-07-13,break_monsoon,break_monsoon,-0.5860046386718523,18.44718424479197,239.87161254882807,11.836589813232422,0.9381965637207088,1.7676976776122928
2016-07-14,quiet,quiet,-0.1131408691405795,12.524479166666424,234.14097595214844,10.868817329406738,-1.6361117045084654,0.3245779538154323
2016-07-15,quiet,break_monsoon,0.4292744954426553,17.022835286458758,234.3567657470703,10.095688819885254,-3.0097226460774777,-0.7222059452533416
2016-07-16,coastal_rainfall,coastal_rainfall,1.5973693847656705,2.13883463541697,231.1588287353516,10.66906452178955,1.0652798970540402,0.028788182735417
2016-07-17,quiet,quiet,3.751654052734352,-6.440641276041788,227.67770385742188,10.358491897583008,0.5902773539225308,-1.53051245450972
2016-07-18,coastal_rainfall,quiet,3.362204996744822,-17.465478515625364,229.4609222412109,10.551504135131836,2.922918955485031,-0.5198456573486496
2016-07-19,quiet,quiet,2.3027526855469205,-13.122949218750364,238.5854339599609,9.958480834960938,-0.1791669209798243,-1.0520093536377246
2016-07-20,quiet,quiet,1.5688232421874773,4.670166015625,241.45278930664065,8.85677433013916,-0.5923586527506473,-1.1762918083369585
2016-07-21,quiet,quiet,1.3268880208332805,4.259456380208576,245.15496826171875,9.805662155151367,-3.3347223917643163,-1.4742846500873226
2016-07-22,quiet,quiet,0.5755777994792197,-7.647070312499636,243.44927978515625,11.17335319519043,-3.959722391764316,-0.6639220833778678
2016-07-23,quiet,quiet,1.0490315755208712,2.744580078125182,232.46121215820312,10.696728706359863,-1.379164123535162,-0.3644766759872682
2016-07-24,break_monsoon,break_monsoon,1.3679036458332805,18.9423828125,231.80555725097656,9.133440971374512,-2.0569419860839844,-1.3844483955204168
2016-07-25,break_monsoon,break_monsoon,1.9683715820312957,24.432552083333576,231.43499755859372,8.612018585205078,0.4187497456868527,-1.2105905944109223
2016-07-26,break_monsoon,break_monsoon,2.495776367187545,29.868147786458398,235.8683624267578,8.63711166381836,2.254166412353513,-0.9663712370395942
2016-07-27,break_monsoon,break_monsoon,2.8030253092448447,17.43172200520803,243.54600524902344,8.507696151733398,3.113886006673184,-0.9445709258318246
2016-07-28,quiet,quiet,2.2493855794270985,8.593636067708758,246.3767242431641,8.060466766357422,1.757641092936197,-1.19815232515336
2016-07-29,quiet,quiet,1.0200561523437273,-7.223844401041788,245.8975372314453,7.741149425506592,3.0798583984374943,-0.1916163897514223
2016-07-30,quiet,quiet,0.5479268391926553,-6.397851562500364,236.59130859375,8.753968238830566,1.2354164123535156,-0.0565438872575441
2016-07-31,quiet,quiet,0.487679036458303,-5.334277343749818,233.5246124267578,9.14984130859375,1.589583079020187,0.2442040252685743
2016-08-01,low_depression,low_depression,-1.9154785156249543,-16.561149088541242,235.89093017578125,9.38664436340332,0.9201362609863252,1.5799857389926628
2016-08-02,low_depression,low_depression,-4.249886067708303,-26.187711588541788,241.8880157470703,12.000040054321287,2.7597195943196624,4.577863540649396
2016-08-03,low_depression,low_depression,-3.9257039388020303,-17.994775390625364,239.6523895263672,12.608983993530272,3.190969594319668,4.756306862831085
2016-08-04,low_depression,low_depression,-3.0631245930989053,1.5162109374996362,237.78839111328125,11.94545841217041,1.636113484700516,3.506892237663236
2016-08-05,low_depression,low_depression,-2.532906087239553,15.343164062500364,244.9027099609375,11.785149574279783,2.009025065104169,3.2365109777450387
2016-08-06,low_depression,low_depression,-2.218111165364576,10.648470052083212,244.5653839111328,12.113460540771484,2.424302927652988,3.303541793823236
2016-08-07,quiet,quiet,-0.5694112141926553,11.545930989583212,240.76968383789065,12.292105674743652,0.2986109415690094,1.7480723285674729
2016-08-08,quiet,quiet,0.4542785644531477,11.880013020833758,240.1900634765625,11.33267307281494,-0.4756919860839872,0.5177944946288917
2016-08-09,quiet,quiet,-0.4061136881510947,1.406917317708576,239.1826934814453,11.112822532653809,-1.7041641235351506,0.5775479888916351
2016-08-10,coastal_rainfall,coastal_rainfall,0.534027099609375,-5.241943359375,237.91064453125,11.300185203552246,1.3125,0.9934078454971312
2016-08-11,coastal_rainfall,coastal_rainfall,2.138765462239576,10.128694661458212,234.96759033203125,11.040176391601562,1.0833358764648438,-0.1421879577636673
2016-08-12,break_monsoon,break_monsoon,1.8405212402343525,17.495133463541606,244.4444580078125,10.169259071350098,-1.1673637390136662,-0.9868182253837432
2016-08-13,quiet,quiet,0.7123006184896212,2.990999348958212,246.9710693359375,10.087660789489746,1.6131970723470062,0.4916430664062275
2016-08-14,quiet,quiet,0.0835734049479697,-9.199479166666606,248.0129852294922,9.171425819396973,-0.1902778625488252,-0.0386570709944081
2016-08-15,quiet,quiet,-0.8710042317708258,-27.74228515624964,242.26243591308597,10.736212730407717,0.6062474568684877,1.3989619040489143
2016-08-16,low_depression,low_depression,-1.81837565104172,-43.053157552083576,240.10305786132807,10.661985397338867,-0.9854166666666656,1.46019453763965
2016-08-17,low_depression,low_depression,-1.9275878906249773,-40.75937499999964,240.10812377929688,10.817879676818848,-1.1583307902018165,1.5362053680419807
2016-08-18,quiet,quiet,-1.3759094238281475,-17.891471354166242,233.27755737304688,9.568282127380373,-3.270136515299484,0.0718175476789597
2016-08-19,quiet,quiet,-1.1135375976562043,-10.013932291666606,233.54562377929688,8.514848709106445,-1.9291643778483087,-0.1046872740984241
2016-08-20,quiet,quiet,-0.7777262369792197,-3.666845703124636,240.8400421142578,8.748083114624023,-4.4006970723470005,-0.954340135157075
2016-08-21,quiet,quiet,-0.1918253580729469,-1.2994466145837578,234.77438354492188,8.790994644165039,-4.549997711181646,-1.333506243824942
2016-08-22,quiet,quiet,0.59478759765625,2.638476562499818,239.4418792724609,7.5701375007629395,-0.6583335876464815,-1.1263176465034477
2016-08-23,quiet,quiet,-0.0822001139323447,8.51033528645803,240.77713012695312,8.040884971618652,0.8715276082356809,-0.0728676605224279
2016-08-24,quiet,quiet,0.0372721354166287,12.480159505208576,246.48040771484372,8.349250793457031,3.163194274902338,0.6662953186035366
2016-08-25,break_monsoon,break_monsoon,0.9265502929687272,34.614518229166606,247.4912567138672,7.70914888381958,0.6458333333333286,-0.8785206103324769
2016-08-26,break_monsoon,break_monsoon,1.0712768554687957,40.22182617187536,251.911865234375,6.824122428894043,0.6875,-1.3068671298027312
2016-08-27,break_monsoon,break_monsoon,1.1451395670572992,34.58224283854179,248.1217041015625,8.647839546203613,1.2020807902018191,-0.4673236817121562
2016-08-28,break_monsoon,break_monsoon,1.5746480305989508,27.290738932291788,251.00961303710935,8.848468780517578,1.4652801513671818,-0.5658172614872428
2016-08-29,western_disturbance,western_disturbance,0.1841857910155795,5.76326497395803,253.4495849609375,8.642436027526855,2.730552927652994,0.5656288117170604
2016-08-30,quiet,quiet,-0.9001017252604697,-11.476822916666606,253.5459747314453,8.336398124694824,3.1972221374511776,1.2337869143486355
2016-08-31,quiet,quiet,-0.4171122233072992,-10.382031250000182,246.4551696777344,8.609919548034668,3.3763862609863224,1.1071510225534469
